data_context,product_id,sku,product_name,category,sub_category,base_price,unit_cost,margin_rate,lifecycle_stage,profitability_profile,return_profile,retention_profile,launch_date,orders,units,customers,repeat_customers,gross_revenue,net_revenue,return_adjusted_profit,discount_amount,returns,avg_discount_rate,return_rate,return_adjusted_margin,repeat_customer_rate,discount_dependency,product_performance_flag
Synthetic portfolio data,P000197,HOM-BED-000197,Bedding Home Item 0197,Home,Bedding,138.7,93.27,0.3276,Launch,Core Margin,Low,Retention Driver,2021-06-28,373,581,241,361,87746.88450271715,76258.88450271715,28807.77200271715,8586.93060539552,49,0.0902077747989276,0.131367292225201,0.377762829742031,0.967828418230563,0.1012062951420036,Low Margin High Volume
Synthetic portfolio data,P000118,OUT-TRA-000118,Travel Outdoor Item 0118,Outdoor,Travel,148.45,61.16,0.588,Mature,Premium Margin,Low,Retention Driver,2024-03-20,168,255,129,160,37876.38216386951,33339.49216386951,19407.244163869505,3026.2517343663367,19,0.0737994047619047,0.1130952380952381,0.5821097714530102,0.9523809523809524,0.0832170996648619,Stable
Synthetic portfolio data,P000020,APP-BAS-000020,Basics Apparel Item 0020,Apparel,Basics,153.57,76.6,0.5012,Growth,Core Margin,Medium,Neutral,2024-03-18,214,342,169,205,50397.44,41613.41,19322.81,5188.6649206031125,38,0.0894434579439252,0.1775700934579439,0.4643409420184503,0.9579439252336448,0.1108639933038304,Stable
Synthetic portfolio data,P000194,OUT-GAR-000194,Garden Outdoor Item 0194,Outdoor,Garden,182.5,88.85,0.5131,Growth,Core Margin,Low,Churn Correlated,2021-04-06,134,225,103,131,39202.13,33617.7,16043.17,3883.767610200302,17,0.0934447761194029,0.126865671641791,0.4772239028844924,0.9776119402985076,0.1035630831990139,Stable
Synthetic portfolio data,P000210,OUT-CAM-000210,Camping Outdoor Item 0210,Outdoor,Camping,162.44,77.5,0.5229,Mature,Premium Margin,Low,Neutral,2024-08-16,134,211,110,125,33317.13,30432.56,15265.81,2967.8978496058535,13,0.083105223880597,0.0970149253731343,0.5016275331421346,0.9328358208955224,0.0888579989822168,Stable
Synthetic portfolio data,P000093,OUT-FIT-000093,Fitness Outdoor Item 0093,Outdoor,Fitness,174.32,83.52,0.5209,Mature,Premium Margin,Low,Retention Driver,2024-05-21,132,199,98,121,33489.88,29174.96,14329.28,2922.0810482755373,17,0.0863128787878787,0.1287878787878787,0.4911499450213471,0.9166666666666666,0.0910389541478475,Stable
Synthetic portfolio data,P000230,APP-BAS-000230,Basics Apparel Item 0230,Apparel,Basics,72.41,30.99,0.5719,Mature,Premium Margin,Medium,Neutral,2023-07-20,292,482,235,279,34408.57179587488,26469.09,14166.06,3289.4786052023155,53,0.0940534246575342,0.1815068493150685,0.5351925585654814,0.9554794520547946,0.1105388719747514,Stable
Synthetic portfolio data,P000220,HOM-KIT-000220,Kitchen Home Item 0220,Home,Kitchen,100.5,55.29,0.4499,Growth,Core Margin,Medium,Neutral,2024-07-04,241,385,170,232,38475.8823976767,32550.262397676703,14130.398897676703,4103.114548969953,39,0.0907232365145228,0.1618257261410788,0.4341101378858706,0.9626556016597512,0.1119436977101052,Stable
Synthetic portfolio data,P000167,OUT-FIT-000167,Fitness Outdoor Item 0167,Outdoor,Fitness,81.95,45.32,0.447,Growth,Core Margin,Low,Neutral,2024-02-09,302,459,207,301,36598.82,30810.36,12782.064,3066.699297200974,39,0.0768625827814569,0.1291390728476821,0.4148625332518023,0.9966887417218544,0.0905243654798087,Retention Driver
Synthetic portfolio data,P000188,HOM-KIT-000188,Kitchen Home Item 0188,Home,Kitchen,137.44,54.64,0.6024,Mature,Premium Margin,Low,Neutral,2022-10-12,118,197,97,117,26023.52,21036.47,11990.818,2565.155333223462,12,0.0908957627118644,0.1016949152542373,0.5700014308484265,0.9915254237288136,0.1086855374156182,Retention Driver
Synthetic portfolio data,P000169,HOM-KIT-000169,Kitchen Home Item 0169,Home,Kitchen,61.17,23.72,0.6122,Mature,Premium Margin,Low,Neutral,2023-06-19,269,407,194,264,24042.58,20378.16,11933.84,2273.906455530137,35,0.0927260223048327,0.1301115241635687,0.5856191137963388,0.9814126394052044,0.1003840625310808,Stable
Synthetic portfolio data,P000153,OUT-CAM-000153,Camping Outdoor Item 0153,Outdoor,Camping,82.68,34.23,0.586,Launch,Premium Margin,Medium,Neutral,2022-03-25,185,290,138,179,23266.98,19236.23,10793.4005,2138.141204649104,35,0.0840875675675675,0.1891891891891892,0.5610974967548215,0.9675675675675676,0.1000329405799802,Stable
Synthetic portfolio data,P000104,HOM-DEC-000104,Decor Home Item 0104,Home,Decor,123.56,55.94,0.5473,Mature,Premium Margin,Low,Neutral,2025-12-08,94,158,82,90,18994.14,17624.37,9356.438,1656.6488846245811,10,0.0834117021276595,0.1063829787234042,0.5308807066578834,0.9574468085106383,0.0859212313694509,Stable
Synthetic portfolio data,P000043,ELE-AUD-000043,Audio Electronics Item 0043,Electronics,Audio,207.26,110.3,0.4678,Growth,Core Margin,Medium,Neutral,2024-03-27,75,124,61,74,23970.01,21701.49,9055.595,2552.80804761376,9,0.0888186666666666,0.12,0.4172798734096137,0.9866666666666668,0.1052517802247802,Retention Driver
Synthetic portfolio data,P000246,PET-WEL-000246,Wellness Pet Item 0246,Pet,Wellness,45.53,21.64,0.5248,Mature,Premium Margin,Low,Neutral,2024-02-17,305,494,199,293,21727.82,18270.94,9052.3,2131.41244100855,46,0.0824380327868852,0.1508196721311475,0.4954479627211298,0.960655737704918,0.1044689550958069,Stable
Synthetic portfolio data,P000195,OUT-CAM-000195,Camping Outdoor Item 0195,Outdoor,Camping,184.71,107.44,0.4183,Mature,Core Margin,Medium,Retention Driver,2024-09-29,97,158,75,93,28170.27,23358.17,8757.074,2533.978230013327,13,0.0837515463917525,0.134020618556701,0.374904112779383,0.9587628865979382,0.0978666662766909,Stable
Synthetic portfolio data,P000130,APP-OUT-000130,Outerwear Apparel Item 0130,Apparel,Outerwear,64.97,29.45,0.5467,Launch,Premium Margin,High,Neutral,2023-03-07,232,361,178,226,22686.31,16555.01,8301.6475,2082.1915924228897,62,0.0783905172413793,0.2672413793103448,0.5014583198681245,0.9741379310344828,0.111722330313228,Return Heavy
Synthetic portfolio data,P000177,OUT-TRA-000177,Travel Outdoor Item 0177,Outdoor,Travel,94.12,48.79,0.4817,Launch,Core Margin,Low,Churn Correlated,2024-10-17,151,225,115,147,20619.16,18013.19,8279.585,1834.1272838096204,15,0.0790887417218543,0.0993377483443708,0.4596401303711336,0.9735099337748344,0.0924118487945876,Stable
Synthetic portfolio data,P000053,HOM-BED-000053,Bedding Home Item 0053,Home,Bedding,89.0,32.03,0.6402,Mature,Premium Margin,Low,Neutral,2024-03-01,114,175,95,109,14837.06,13146.86,8113.3455,1548.234188493408,16,0.0926657894736842,0.1403508771929824,0.6171318094206525,0.956140350877193,0.1053572143624441,Stable
Synthetic portfolio data,P000042,ELE-SMA-000042,Smart Home Electronics Item 0042,Electronics,Smart Home,51.42,22.0,0.5721,Growth,Premium Margin,Medium,Neutral,2021-04-15,233,366,181,223,17730.34,13794.84,7220.14,1624.8609289878373,47,0.0821429184549356,0.2017167381974249,0.5233942546633379,0.9570815450643776,0.1053756448630741,Stable
Synthetic portfolio data,P000228,OUT-GAR-000228,Garden Outdoor Item 0228,Outdoor,Garden,110.14,60.66,0.4493,Growth,Core Margin,Medium,Neutral,2022-09-09,114,180,98,113,19100.42,17140.17,7149.468,1816.361833348098,14,0.088698245614035,0.1228070175438596,0.4171176831968411,0.9912280701754386,0.0958172016546178,Retention Driver
Synthetic portfolio data,P000164,HOM-BED-000164,Bedding Home Item 0164,Home,Bedding,41.95,18.45,0.5601,Growth,Premium Margin,Low,Churn Correlated,2022-07-04,187,321,150,180,14137.8451972697,12458.9351972697,7148.1026972697,1370.1333697186074,22,0.0887465240641711,0.1176470588235294,0.5737330344920779,0.962566844919786,0.0990763306351148,Stable
Synthetic portfolio data,P000206,OUT-FIT-000206,Fitness Outdoor Item 0206,Outdoor,Fitness,59.62,32.36,0.4573,Mature,Core Margin,Low,Neutral,2021-04-05,208,336,157,202,19029.37,16990.54,7107.796,2005.116544612443,22,0.095083173076923,0.1057692307692307,0.4183384400966655,0.971153846153846,0.105556580258403,Stable
Synthetic portfolio data,P000208,APP-BAS-000208,Basics Apparel Item 0208,Apparel,Basics,90.52,42.38,0.5319,Mature,Premium Margin,Medium,Churn Correlated,2024-05-27,114,177,98,114,16055.81128030178,13138.45128030178,6861.973280301779,1512.1710267640751,20,0.0864710526315789,0.175438596491228,0.5222817464482895,1.0,0.1032154808901714,Retention Driver
Synthetic portfolio data,P000187,ELE-WEA-000187,Wearables Electronics Item 0187,Electronics,Wearables,92.23,47.43,0.4857,Mature,Core Margin,Low,Neutral,2021-12-23,124,210,103,120,18165.64,15476.19,6805.986,1771.723694616113,18,0.088349193548387,0.1451612903225806,0.4397714166083513,0.967741935483871,0.1027210435989804,Stable
Synthetic portfolio data,P000168,ELE-WEA-000168,Wearables Electronics Item 0168,Electronics,Wearables,86.96,40.42,0.5352,Mature,Premium Margin,Low,Neutral,2024-03-29,111,183,87,106,14751.22,13337.65,6524.859,1552.982545061011,9,0.083145045045045,0.081081081081081,0.4892060445430792,0.954954954954955,0.1042925839692492,Stable
Synthetic portfolio data,P000045,HOM-STO-000045,Storage Home Item 0045,Home,Storage,55.02,16.06,0.7081,Growth,Premium Margin,Low,Neutral,2022-01-16,131,197,103,127,10566.09,9197.05,6374.505,933.096976846064,15,0.077824427480916,0.1145038167938931,0.6931032233161721,0.9694656488549618,0.0921109021398005,Stable
Synthetic portfolio data,P000052,APP-DEN-000052,Denim Apparel Item 0052,Apparel,Denim,69.9,31.16,0.5543,Growth,Premium Margin,High,Neutral,2021-09-27,128,191,107,126,14009.89822651931,10955.57822651931,6169.402226519311,1054.3040868850192,33,0.0752453125,0.2578125,0.5631288553611458,0.984375,0.087786379530822,Return Heavy
Synthetic portfolio data,P000029,APP-OUT-000029,Outerwear Apparel Item 0029,Apparel,Outerwear,68.03,49.71,0.2693,Mature,Core Margin,Medium,Churn Correlated,2021-05-02,123,172,106,121,15337.51127979696,13222.60127979696,6024.59327979696,1176.799973419311,20,0.0874845528455284,0.1626016260162601,0.4556284464995583,0.983739837398374,0.0817256184979538,Retention Driver
Synthetic portfolio data,P000233,BAB-TOY-000233,Toys Baby Item 0233,Baby,Toys,83.69,36.05,0.5692,Growth,Premium Margin,Medium,Neutral,2024-05-09,107,170,91,103,13795.09,11043.86,5987.8475,1178.689358166172,21,0.0802766355140187,0.1962616822429906,0.542187921614363,0.9626168224299064,0.0964356390492841,Stable
Synthetic portfolio data,P000145,HOM-STO-000145,Storage Home Item 0145,Home,Storage,60.62,23.42,0.6136,Mature,Premium Margin,Low,Neutral,2024-01-01,115,189,98,114,11186.82,9909.64,5901.307,896.5501406733241,15,0.0829773913043478,0.1304347826086956,0.5955117441198672,0.991304347826087,0.0829663488243471,Retention Driver
Synthetic portfolio data,P000123,HOM-STO-000123,Storage Home Item 0123,Home,Storage,106.54,46.7,0.5617,Mature,Premium Margin,High,Retention Driver,2021-10-12,110,155,90,106,15486.4,11397.74,5786.735,2042.599223595772,28,0.1067254545454545,0.2545454545454545,0.5077089844126993,0.9636363636363636,0.1519752730652659,Return Heavy
Synthetic portfolio data,P000072,HOM-BED-000072,Bedding Home Item 0072,Home,Bedding,71.93,39.61,0.4493,Growth,Core Margin,Medium,Churn Correlated,2025-02-15,159,235,124,157,16795.57392228192,13554.93392228192,5761.66642228192,1564.083368851537,24,0.0850522012578616,0.1509433962264151,0.4250604580824076,0.9874213836477987,0.1034513909689615,Retention Driver
Synthetic portfolio data,P000012,ELE-SMA-000012,Smart Home Electronics Item 0012,Electronics,Smart Home,89.15,56.83,0.3625,Launch,Core Margin,High,Retention Driver,2025-04-03,207,315,146,199,26564.41,19581.33,5689.2365,2349.4333304750808,50,0.0818695652173913,0.2415458937198067,0.290543926280799,0.961352657004831,0.1071295738808278,Low Margin High Volume
Synthetic portfolio data,P000200,OUT-TRA-000200,Travel Outdoor Item 0200,Outdoor,Travel,121.9,68.09,0.4414,Launch,Core Margin,Low,Neutral,2025-05-10,103,146,87,102,17073.98,13962.74,5526.389,1264.6142161976284,16,0.0687495145631068,0.1553398058252427,0.395795452754975,0.9902912621359224,0.0830488473731329,Retention Driver
Synthetic portfolio data,P000049,BEA-HAI-000049,Hair Care Beauty Item 0049,Beauty,Hair Care,120.34,56.66,0.5292,Mature,Premium Margin,Low,Neutral,2023-08-03,70,102,66,66,12328.61,10553.34,5496.435,818.57868768527,9,0.07195,0.1285714285714285,0.5208242129979703,0.9428571428571428,0.0719824604947021,Stable
Synthetic portfolio data,P000061,OUT-GAR-000061,Garden Outdoor Item 0061,Outdoor,Garden,48.03,25.97,0.4594,Launch,Core Margin,Low,Neutral,2021-04-29,221,338,162,212,15722.2,12813.29,5381.9745,1343.8077531462452,36,0.0820334841628959,0.1628959276018099,0.4200306478663949,0.9592760180995475,0.0949211326062645,Stable
Synthetic portfolio data,P000139,ELE-AUD-000139,Audio Electronics Item 0139,Electronics,Audio,91.12,42.68,0.5316,Mature,Premium Margin,Low,Retention Driver,2024-01-24,87,146,70,83,12708.93,10695.24,5298.354,910.7754213937246,13,0.0743862068965517,0.1494252873563218,0.4953936517553604,0.9540229885057472,0.078474427986272,Stable
Synthetic portfolio data,P000159,BEA-MAK-000159,Makeup Beauty Item 0159,Beauty,Makeup,45.81,22.33,0.5126,Growth,Core Margin,Low,Neutral,2022-07-02,180,288,153,172,12866.44,10826.45,5287.4935,1100.116169095012,22,0.0823855555555555,0.1222222222222222,0.4883866364320713,0.9555555555555556,0.0922408137847516,Stable
Synthetic portfolio data,P000142,APP-ACT-000142,Activewear Apparel Item 0142,Apparel,Activewear,126.54,79.48,0.3719,Growth,Core Margin,Medium,Retention Driver,2021-03-22,106,167,98,96,20585.53,15666.44,5028.042,1582.797181019764,21,0.0767264150943396,0.1981132075471698,0.3209434945016226,0.9056603773584906,0.0917604160931474,Stable
Synthetic portfolio data,P000116,APP-BAS-000116,Basics Apparel Item 0116,Apparel,Basics,63.6,21.32,0.6648,Mature,Premium Margin,Medium,Neutral,2024-01-12,95,154,85,92,9478.94,7802.07,5008.084,769.0114578984814,15,0.0791263157894736,0.1578947368421052,0.6418917030993057,0.968421052631579,0.0897216368407999,Stable
Synthetic portfolio data,P000044,HOM-BED-000044,Bedding Home Item 0044,Home,Bedding,161.43,111.35,0.3103,Launch,Core Margin,Medium,Retention Driver,2025-08-01,94,149,79,91,23492.52,18544.63,4982.2,1919.8680037993468,17,0.0778159574468085,0.1808510638297872,0.2686599840492908,0.9680851063829788,0.0938145662523904,Stable
Synthetic portfolio data,P000002,OUT-TRA-000002,Travel Outdoor Item 0002,Outdoor,Travel,114.93,86.65,0.2461,Growth,Thin Margin,Medium,Retention Driver,2025-12-01,174,273,130,171,32357.299377635904,25738.19,4955.1875,3719.2764844626586,27,0.0867333333333333,0.1551724137931034,0.1925227648098021,0.9827586206896552,0.1262592112741396,Low Margin High Volume
Synthetic portfolio data,P000226,OUT-GAR-000226,Garden Outdoor Item 0226,Outdoor,Garden,96.09,49.95,0.4802,Decline,Core Margin,Low,Retention Driver,2024-06-18,75,123,62,74,11899.03423187579,10485.1,4893.1975,842.685518276665,6,0.0742493333333333,0.08,0.4666810521597314,0.9866666666666668,0.0743910199320992,Retention Driver
Synthetic portfolio data,P000227,HOM-BED-000227,Bedding Home Item 0227,Home,Bedding,43.91,21.9,0.5012,Mature,Core Margin,Low,Neutral,2023-02-10,163,280,144,159,11736.64,10270.49,4808.63,1257.6686687112724,22,0.096040490797546,0.1349693251533742,0.4681986935384777,0.9754601226993864,0.1090953642167267,Stable
Synthetic portfolio data,P000107,ELE-WEA-000107,Wearables Electronics Item 0107,Electronics,Wearables,139.57,77.54,0.4445,Growth,Core Margin,Medium,Retention Driver,2024-04-25,75,113,63,72,14591.73,12490.76,4783.284,1540.5010169827065,11,0.0883893333333333,0.1466666666666666,0.3829457935305778,0.96,0.109790632154741,Stable
Synthetic portfolio data,P000238,APP-BAS-000238,Basics Apparel Item 0238,Apparel,Basics,45.85,17.48,0.6187,Growth,Premium Margin,Medium,Neutral,2021-01-15,130,215,116,123,9383.94,7602.69,4468.526,697.493296355016,26,0.0667623076923076,0.2,0.5877559127098435,0.946153846153846,0.0840334811234008,Stable
Synthetic portfolio data,P000077,HOM-STO-000077,Storage Home Item 0077,Home,Storage,104.39,56.95,0.4544,Mature,Core Margin,Low,Neutral,2022-07-20,77,121,66,75,12011.52,10724.15,4462.4974999999995,1285.6874812283909,4,0.0973961038961039,0.0519480519480519,0.4161166619265862,0.974025974025974,0.1070528625585438,Stable
Synthetic portfolio data,P000075,ELE-AUD-000075,Audio Electronics Item 0075,Electronics,Audio,98.82,59.03,0.4027,Growth,Core Margin,High,Retention Driver,2025-08-23,128,212,108,124,20076.03,13458.41,4406.1595,1472.1662332590922,35,0.07547109375,0.2734375,0.3273907913341917,0.96875,0.0986007646496402,Low Margin High Volume
Synthetic portfolio data,P000212,OUT-CAM-000212,Camping Outdoor Item 0212,Outdoor,Camping,91.35,44.55,0.5123,Growth,Core Margin,Medium,Retention Driver,2022-06-06,72,103,63,71,9197.19,8837.34,4400.16,716.8847098327602,3,0.0766319444444444,0.0416666666666666,0.4979054783452939,0.9861111111111112,0.0750332686957818,Retention Driver
Synthetic portfolio data,P000232,BEA-FRA-000232,Fragrance Beauty Item 0232,Beauty,Fragrance,50.86,30.26,0.405,Decline,Core Margin,Low,Retention Driver,2023-01-24,148,230,125,139,11711.511500164142,10922.151500164142,4373.887500164143,1145.2345403254997,12,0.0885101351351351,0.081081081081081,0.4004602481570055,0.9391891891891893,0.0949032819935402,Stable
Synthetic portfolio data,P000128,OUT-FIT-000128,Fitness Outdoor Item 0128,Outdoor,Fitness,74.68,34.55,0.5373,Decline,Premium Margin,Medium,Neutral,2024-02-18,96,153,78,94,10827.13,8726.31,4321.185,1011.9562780946987,16,0.0816302083333333,0.1666666666666666,0.4951904069417658,0.9791666666666666,0.1039154454392973,Stable
Synthetic portfolio data,P000179,ELE-WEA-000179,Wearables Electronics Item 0179,Electronics,Wearables,180.09,96.94,0.4617,Mature,Core Margin,Medium,Retention Driver,2025-06-17,38,62,35,36,11092.5,9499.45,4313.16,689.0075085801278,4,0.0594315789473684,0.1052631578947368,0.4540431288127207,0.9473684210526316,0.0676262827812635,Stable
Synthetic portfolio data,P000098,BAB-DIA-000098,Diapers Baby Item 0098,Baby,Diapers,56.74,29.92,0.4726,Mature,Core Margin,Low,Neutral,2025-08-24,113,177,85,109,9736.74,9477.1,4308.42,901.458794714636,5,0.0820681415929203,0.0442477876106194,0.4546137531523356,0.9646017699115044,0.0868578010247155,Stable
Synthetic portfolio data,P000048,ELE-AUD-000048,Audio Electronics Item 0048,Electronics,Audio,134.53,107.87,0.1982,Launch,Thin Margin,Medium,Retention Driver,2021-06-29,110,174,84,107,23747.331558931044,21285.761558931044,4258.482058931043,1972.4273352941536,13,0.0795172727272727,0.1181818181818181,0.2000624712036331,0.9727272727272728,0.0848057148501313,Stable
Synthetic portfolio data,P000037,HOM-KIT-000037,Kitchen Home Item 0037,Home,Kitchen,74.08,47.29,0.3616,Mature,Core Margin,Low,Neutral,2022-08-16,122,181,101,115,13422.73,11883.21,4167.8465,1174.7868501004657,12,0.0805188524590164,0.0983606557377049,0.3507340609145171,0.9426229508196722,0.0899668504738096,Stable
Synthetic portfolio data,P000149,GRO-BEV-000149,Beverage Grocery Item 0149,Grocery,Beverage,28.67,10.3,0.6408,Growth,Premium Margin,Medium,Neutral,2024-05-17,212,329,163,209,8969.66,6835.97,4138.915,933.5549967954252,42,0.0896853773584905,0.1981132075471698,0.6054612586070448,0.9858490566037736,0.1201559937294074,Retention Driver
Synthetic portfolio data,P000073,APP-BAS-000073,Basics Apparel Item 0073,Apparel,Basics,124.26,78.69,0.3667,Mature,Core Margin,Medium,Churn Correlated,2025-10-31,73,111,65,69,13324.64,12202.92,4137.195,1305.7869982663688,8,0.0940684931506849,0.1095890410958904,0.3390331986114798,0.9452054794520548,0.0966626190377766,Stable
Synthetic portfolio data,P000068,ELE-SMA-000068,Smart Home Electronics Item 0068,Electronics,Smart Home,126.42,90.5,0.2841,Mature,Core Margin,Low,Retention Driver,2023-12-30,117,176,92,115,20926.07,18293.48,4057.83,1801.8075529514545,10,0.0806760683760683,0.0854700854700854,0.2218183746340226,0.9829059829059827,0.0896631883571538,Retention Driver
Synthetic portfolio data,P000193,BEA-MAK-000193,Makeup Beauty Item 0193,Beauty,Makeup,26.08,13.06,0.4994,Mature,Core Margin,Medium,Retention Driver,2024-05-25,269,423,219,264,10555.79,8382.14,3823.547,1083.9786991997964,47,0.0922416356877323,0.174721189591078,0.4561540370358882,0.9814126394052044,0.1145114205351586,Stable
Synthetic portfolio data,P000178,APP-ACT-000178,Activewear Apparel Item 0178,Apparel,Activewear,48.81,29.07,0.4045,Mature,Core Margin,Low,Churn Correlated,2024-06-20,161,257,130,157,12136.02,10377.25,3820.5115,1123.098857231175,24,0.0882596273291925,0.1490683229813664,0.3681622298778578,0.9751552795031057,0.0976578077042414,Low Margin High Volume
Synthetic portfolio data,P000117,HOM-KIT-000117,Kitchen Home Item 0117,Home,Kitchen,51.3,33.51,0.3469,Mature,Core Margin,Low,Neutral,2025-02-09,185,292,148,179,14558.35,12318.61,3786.964,1314.25649540883,19,0.0834156756756756,0.1027027027027027,0.3074181259086861,0.9675675675675676,0.0964035330245062,Low Margin High Volume
Synthetic portfolio data,P000033,HOM-DEC-000033,Decor Home Item 0033,Home,Decor,58.61,28.56,0.5126,Mature,Core Margin,Medium,Retention Driver,2023-07-18,116,165,97,114,9432.29,7759.11,3726.438,817.42856766573,15,0.081178448275862,0.1293103448275862,0.4802661645472226,0.9827586206896552,0.095309845716488,Retention Driver
Synthetic portfolio data,P000214,PET-TOY-000214,Toys Pet Item 0214,Pet,Toys,34.34,19.0,0.4466,Growth,Core Margin,Low,Neutral,2021-07-23,185,314,134,182,10406.260808648622,9138.54,3673.19,1095.0557825283336,17,0.0941502702702702,0.0918918918918919,0.4019449496309038,0.9837837837837838,0.1070059640618115,Retention Driver
Synthetic portfolio data,P000003,BEA-MAK-000003,Makeup Beauty Item 0003,Beauty,Makeup,48.48,30.04,0.3803,Growth,Core Margin,Low,Retention Driver,2025-06-29,151,252,133,146,11932.58,10422.76,3669.768,1120.096595725851,19,0.0936986754966887,0.1258278145695364,0.3520917683991572,0.9668874172185432,0.0970380760114967,Low Margin High Volume
Synthetic portfolio data,P000115,APP-DEN-000115,Denim Apparel Item 0115,Apparel,Denim,53.18,28.39,0.4662,Launch,Core Margin,Low,Neutral,2025-04-05,92,155,86,89,8446.86468766873,7753.104687668731,3666.364187668731,758.7803540991962,11,0.0889108695652173,0.1195652173913043,0.4728898080661883,0.967391304347826,0.0891436327412613,Stable
Synthetic portfolio data,P000016,HOM-KIT-000016,Kitchen Home Item 0016,Home,Kitchen,79.04,41.45,0.4756,Mature,Core Margin,High,Neutral,2022-03-29,100,161,87,95,12279.57,8623.46,3641.17,1191.1031777582955,27,0.082468,0.27,0.4222400289442985,0.95,0.121360793769973,Return Heavy
Synthetic portfolio data,P000009,APP-ACT-000009,Activewear Apparel Item 0009,Apparel,Activewear,151.08,105.91,0.299,Growth,Core Margin,Medium,Neutral,2021-06-18,72,107,66,70,15744.29,13386.02,3494.026,1383.6013309969153,11,0.0818180555555555,0.1527777777777778,0.261020527386034,0.9722222222222222,0.0936788628489181,Stable
Synthetic portfolio data,P000136,ELE-AUD-000136,Audio Electronics Item 0136,Electronics,Audio,138.55,95.44,0.3111,Launch,Core Margin,Medium,Churn Correlated,2022-12-03,66,109,59,63,14560.19,12826.32,3477.972,1287.0436684623537,10,0.0753939393939393,0.1515151515151515,0.2711589918230638,0.9545454545454546,0.0911932618400796,Stable
Synthetic portfolio data,P000170,BEA-SKI-000170,Skin Care Beauty Item 0170,Beauty,Skin Care,37.19,14.57,0.6082,Mature,Premium Margin,Low,Churn Correlated,2023-04-30,93,143,82,92,5793.066208573036,5427.4862085730365,3467.821208573036,607.1906337451171,7,0.0829537634408602,0.075268817204301,0.6389368992030614,0.989247311827957,0.1006169260774983,Retention Driver
Synthetic portfolio data,P000224,APP-ACT-000224,Activewear Apparel Item 0224,Apparel,Activewear,75.59,33.17,0.5612,Mature,Premium Margin,Medium,Retention Driver,2022-05-18,70,97,66,68,7142.21,6400.28,3464.735,677.6489320698586,7,0.0774671428571428,0.1,0.5413411600742468,0.9714285714285714,0.0957411325507174,Stable
Synthetic portfolio data,P000103,HOM-STO-000103,Storage Home Item 0103,Home,Storage,84.62,44.26,0.4769,Mature,Core Margin,Medium,Neutral,2023-03-04,83,125,74,82,9963.96,8030.14,3400.544,1131.47509754544,17,0.1025192771084337,0.2048192771084337,0.4234725671034378,0.9879518072289156,0.1235017063583671,Retention Driver
Synthetic portfolio data,P000137,APP-OUT-000137,Outerwear Apparel Item 0137,Apparel,Outerwear,61.66,41.01,0.3349,Growth,Core Margin,Low,Neutral,2023-08-14,141,228,125,138,13548.13,11688.75,3384.225,1133.7069188863998,12,0.0821787234042553,0.0851063829787234,0.2895283926852743,0.9787234042553192,0.0884157323403867,Low Margin High Volume
Synthetic portfolio data,P000171,HOM-DEC-000171,Decor Home Item 0171,Home,Decor,116.0,89.41,0.2293,Mature,Thin Margin,Medium,Neutral,2022-09-28,120,188,98,120,21388.48,17759.79,3382.662,1724.5075461519098,20,0.0851074999999999,0.1666666666666666,0.190467454851662,1.0,0.0885075554849805,Retention Driver
Synthetic portfolio data,P000004,ELE-SMA-000004,Smart Home Electronics Item 0004,Electronics,Smart Home,141.14,104.57,0.2591,Mature,Core Margin,Medium,Retention Driver,2025-12-14,83,144,70,79,19582.13,16011.7,3264.617,1768.1657201379446,13,0.0809759036144578,0.1566265060240964,0.2038894683262864,0.9518072289156626,0.0994476419546449,Stable
Synthetic portfolio data,P000079,BAB-TOY-000079,Toys Baby Item 0079,Baby,Toys,43.08,25.63,0.4051,Mature,Core Margin,Low,Neutral,2025-02-08,135,220,103,130,9261.779736308965,8472.809736308964,3248.1342363089643,857.3546644255075,13,0.0881044444444444,0.0962962962962963,0.3833597516523437,0.9629629629629628,0.0918906278176638,Low Margin High Volume
Synthetic portfolio data,P000059,ELE-ACC-000059,Accessories Electronics Item 0059,Electronics,Accessories,92.3,41.24,0.5532,Launch,Premium Margin,Low,Neutral,2021-04-26,58,82,52,57,6897.92,6384.5,3213.144,838.6992100729998,6,0.0979827586206896,0.1034482758620689,0.5032726133604825,0.9827586206896552,0.1161118758712074,Retention Driver
Synthetic portfolio data,P000083,APP-DEN-000083,Denim Apparel Item 0083,Apparel,Denim,87.76,53.95,0.3853,Mature,Core Margin,Medium,Neutral,2023-02-08,89,130,75,89,10911.76,9286.14,3189.79,848.7870795722099,10,0.0694494382022472,0.1123595505617977,0.3435000979955073,1.0,0.0837487110571334,Retention Driver
Synthetic portfolio data,P000047,ELE-AUD-000047,Audio Electronics Item 0047,Electronics,Audio,159.22,72.0,0.5478,Launch,Premium Margin,Low,Neutral,2022-03-29,38,53,36,37,7888.27,6297.78,3154.98,719.1283763438944,5,0.0845921052631579,0.131578947368421,0.5009670074216629,0.9736842105263158,0.1024850743054152,Stable
Synthetic portfolio data,P000102,OUT-TRA-000102,Travel Outdoor Item 0102,Outdoor,Travel,102.72,48.68,0.5261,Mature,Premium Margin,Medium,Neutral,2021-11-06,57,86,52,55,8498.33,6407.08,3130.916,705.3187038570877,13,0.0873701754385965,0.2280701754385964,0.4886650393002741,0.9649122807017544,0.0991674866982063,Stable
Synthetic portfolio data,P000204,ELE-AUD-000204,Audio Electronics Item 0204,Electronics,Audio,117.06,73.05,0.376,Launch,Core Margin,Low,Neutral,2025-12-06,86,124,70,83,13320.75,10545.07,3101.275,1447.5178577581771,15,0.0870139534883721,0.1744186046511628,0.294097146818371,0.9651162790697676,0.1207010425878812,Stable
Synthetic portfolio data,P000034,PET-WEL-000034,Wellness Pet Item 0034,Pet,Wellness,27.97,14.44,0.4837,Growth,Core Margin,Low,Retention Driver,2025-12-07,198,315,147,192,8163.91,7094.54,3073.722,1003.1559809529203,24,0.1001383838383838,0.1212121212121212,0.4332517682612262,0.9696969696969696,0.1238816551414753,Stable
Synthetic portfolio data,P000046,ELE-SMA-000046,Smart Home Electronics Item 0046,Electronics,Smart Home,132.03,96.66,0.2678,Mature,Core Margin,High,Churn Correlated,2021-02-26,91,154,79,86,19229.69,15622.19,3037.058,1489.7714214350833,21,0.0673241758241758,0.2307692307692307,0.1944066740962694,0.945054945054945,0.087060237265901,Stable
Synthetic portfolio data,P000127,BEA-HAI-000127,Hair Care Beauty Item 0127,Beauty,Hair Care,46.97,17.55,0.6264,Mature,Premium Margin,Medium,Neutral,2024-10-13,98,153,91,90,6952.99,5054.79,2996.175,703.9473186258616,27,0.0981530612244897,0.2755102040816326,0.5927397577347427,0.9183673469387756,0.1222398730272066,Return Heavy
Synthetic portfolio data,P000084,APP-BAS-000084,Basics Apparel Item 0084,Apparel,Basics,42.19,21.11,0.4996,Mature,Core Margin,Low,Retention Driver,2022-11-07,112,168,92,109,6834.42,6216.4,2939.0725,611.6409703801626,10,0.0845473214285714,0.0892857142857142,0.4727933369796024,0.9732142857142856,0.0895778120010472,Stable
Synthetic portfolio data,P000203,GRO-COF-000203,Coffee Grocery Item 0203,Grocery,Coffee,27.42,12.76,0.5346,Mature,Premium Margin,High,Neutral,2022-07-19,174,282,142,167,7539.71,5804.97,2933.332,598.2653173301206,41,0.0737201149425287,0.2356321839080459,0.5053138948177165,0.9597701149425288,0.0934317243832875,Stable
Synthetic portfolio data,P000113,APP-OUT-000113,Outerwear Apparel Item 0113,Apparel,Outerwear,72.75,53.62,0.2629,Growth,Core Margin,High,Neutral,2021-10-03,175,267,152,169,18974.21,14001.71,2921.137,1376.1694349305276,49,0.072436,0.28,0.2086271605396769,0.9657142857142856,0.0894901953649466,Low Margin High Volume
Synthetic portfolio data,P000089,APP-OUT-000089,Outerwear Apparel Item 0089,Apparel,Outerwear,59.55,31.31,0.4742,Growth,Core Margin,Low,Neutral,2022-02-19,90,138,81,88,7935.69,6681.08,2919.1835,775.2237895390374,13,0.0888666666666666,0.1444444444444444,0.4369328761218246,0.9777777777777776,0.1039689115975468,Stable
Synthetic portfolio data,P000235,HOM-KIT-000235,Kitchen Home Item 0235,Home,Kitchen,99.52,54.97,0.4477,Decline,Core Margin,Medium,Neutral,2024-10-26,59,99,53,54,9366.03,7317.04,2902.949,936.7332586641044,12,0.0846084745762711,0.2033898305084746,0.3967381618796672,0.9152542372881356,0.1134915182799336,Stable
Synthetic portfolio data,P000141,OUT-TRA-000141,Travel Outdoor Item 0141,Outdoor,Travel,44.42,16.91,0.6194,Launch,Premium Margin,Medium,Neutral,2025-02-26,99,160,81,99,6802.12,4969.83,2867.917,687.9655999972725,24,0.0846828282828282,0.2424242424242424,0.5770654127002331,1.0,0.121596050588608,Return Heavy
Synthetic portfolio data,P000211,PET-TOY-000211,Toys Pet Item 0211,Pet,Toys,37.17,17.47,0.53,Mature,Premium Margin,Low,Retention Driver,2024-12-05,119,184,95,111,6691.03,5692.99,2864.597,522.1366071732358,15,0.0754823529411764,0.1260504201680672,0.5031796999467766,0.9327731092436976,0.0840106147750245,Stable
Synthetic portfolio data,P000216,ELE-SMA-000216,Smart Home Electronics Item 0216,Electronics,Smart Home,150.3,85.54,0.4309,Decline,Core Margin,Medium,Retention Driver,2024-06-02,40,65,34,38,9065.38,7762.72,2857.0009999999997,1074.5707799993852,5,0.10116,0.125,0.3680412278170538,0.95,0.1215950461233391,Stable
Synthetic portfolio data,P000135,HOM-STO-000135,Storage Home Item 0135,Home,Storage,75.79,51.95,0.3145,Growth,Core Margin,High,Neutral,2021-10-24,100,171,86,90,12756.92,10117.52,2823.74,1177.1313972047285,23,0.085469,0.23,0.2790940862978279,0.9,0.104220250436065,Stable
Synthetic portfolio data,P000023,ELE-WEA-000023,Wearables Electronics Item 0023,Electronics,Wearables,82.57,46.03,0.4425,Mature,Core Margin,Low,Neutral,2024-10-04,66,108,47,64,8370.45,7204.09,2819.7325,756.3155871737135,6,0.0890924242424242,0.0909090909090909,0.3914071728698559,0.9696969696969696,0.0950096799580582,Stable
Synthetic portfolio data,P000215,ELE-WEA-000215,Wearables Electronics Item 0215,Electronics,Wearables,90.73,51.83,0.4288,Mature,Core Margin,Medium,Retention Driver,2021-10-05,79,133,63,77,11391.69,7906.36,2819.2455,893.2091358542176,21,0.0787240506329114,0.2658227848101265,0.3565794499618029,0.9746835443037974,0.1015060080856458,Return Heavy
Synthetic portfolio data,P000027,APP-ACT-000027,Activewear Apparel Item 0027,Apparel,Activewear,54.78,29.24,0.4662,Mature,Core Margin,Low,Retention Driver,2025-10-01,85,124,79,83,6731.38,6087.66,2760.148,604.1996582994966,9,0.0964611764705882,0.1058823529411764,0.4534004855724531,0.976470588235294,0.0902887521781998,Stable
Synthetic portfolio data,P000041,HOM-BED-000041,Bedding Home Item 0041,Home,Bedding,55.09,31.44,0.4293,Launch,Core Margin,Low,Churn Correlated,2023-07-12,103,159,86,102,8361.11,7184.46,2746.704,952.9950783397056,14,0.1003194174757281,0.1359223300970873,0.3823118230180139,0.9902912621359224,0.1171121768618286,Retention Driver
Synthetic portfolio data,P000024,BAB-TRA-000024,Travel Baby Item 0024,Baby,Travel,28.08,14.17,0.4955,Growth,Core Margin,Low,Retention Driver,2025-05-02,130,190,103,126,5859.236452197849,5042.656452197849,2711.6914521978483,530.322665541319,15,0.0872530769230769,0.1153846153846153,0.5377505840232193,0.9692307692307692,0.0951596362263885,Stable
Synthetic portfolio data,P000147,OUT-TRA-000147,Travel Outdoor Item 0147,Outdoor,Travel,56.74,30.4,0.4643,Decline,Core Margin,Low,Neutral,2025-04-11,75,132,69,74,7367.51,6153.34,2709.02,634.5211600263751,8,0.0751533333333333,0.1066666666666666,0.4402519607237695,0.9866666666666668,0.0934788065146443,Retention Driver
Synthetic portfolio data,P000205,APP-BAS-000205,Basics Apparel Item 0205,Apparel,Basics,56.56,25.4,0.5508,Mature,Premium Margin,Low,Neutral,2022-10-10,73,100,68,71,5474.28,4967.23,2643.13,446.9762342007117,7,0.0702301369863013,0.0958904109589041,0.5321134716934791,0.9726027397260274,0.0825561891930217,Stable
Synthetic portfolio data,P000242,HOM-KIT-000242,Kitchen Home Item 0242,Home,Kitchen,55.36,25.57,0.5381,Launch,Premium Margin,Medium,Neutral,2021-08-26,78,124,67,76,6632.28,5287.0599999999995,2638.008,755.4684895746859,14,0.0913089743589743,0.1794871794871795,0.4989555632052596,0.9743589743589745,0.1250252259262183,Stable
Synthetic portfolio data,P000231,HOM-STO-000231,Storage Home Item 0231,Home,Storage,74.06,31.38,0.5763,Decline,Premium Margin,Low,Churn Correlated,2025-04-20,48,82,41,48,5963.29,4746.85,2627.131,487.9929868716254,9,0.0821333333333333,0.1875,0.5534472334284841,1.0,0.0932201764399533,Retention Driver
Synthetic portfolio data,P000144,HOM-STO-000144,Storage Home Item 0144,Home,Storage,56.89,28.81,0.4936,Growth,Core Margin,Medium,Retention Driver,2024-04-10,69,118,60,68,6473.69,5632.1,2624.336,696.7326715802963,11,0.0908869565217391,0.1594202898550724,0.4659604765540384,0.9855072463768116,0.1100886542172276,Retention Driver
Synthetic portfolio data,P000202,HOM-DEC-000202,Decor Home Item 0202,Home,Decor,58.67,30.34,0.4828,Decline,Core Margin,Low,Neutral,2025-10-21,80,112,69,78,6465.96,5642.19,2605.156,545.5511031318205,9,0.07329,0.1125,0.4617278042745813,0.975,0.0881664397457901,Stable
Synthetic portfolio data,P000175,OUT-CAM-000175,Camping Outdoor Item 0175,Outdoor,Camping,117.28,80.12,0.3168,Mature,Core Margin,Low,Retention Driver,2025-08-11,66,112,59,66,12464.18,10021.92,2546.724,1189.4919563228175,9,0.0829924242424242,0.1363636363636363,0.2541153790890368,1.0,0.1060965345807303,Retention Driver
Synthetic portfolio data,P000243,OUT-FIT-000243,Fitness Outdoor Item 0243,Outdoor,Fitness,62.08,39.21,0.3683,Mature,Core Margin,Low,Churn Correlated,2025-08-19,73,114,61,72,7543.491284304158,6255.571284304158,2518.8582843041586,615.5523801691394,10,0.0896205479452054,0.136986301369863,0.4026583935865651,0.9863013698630136,0.0895854026542723,Retention Driver
Synthetic portfolio data,P000054,ELE-ACC-000054,Accessories Electronics Item 0054,Electronics,Accessories,139.44,94.63,0.3213,Decline,Core Margin,Low,Neutral,2022-08-04,61,93,54,59,12001.04,10008.49,2494.868,1138.450954957774,7,0.0787360655737705,0.1147540983606557,0.2492751653845885,0.9672131147540984,0.1021312447565652,Stable
Synthetic portfolio data,P000236,HOM-DEC-000236,Decor Home Item 0236,Home,Decor,42.7,28.9,0.3232,Growth,Core Margin,Medium,Neutral,2024-02-21,166,274,142,160,11216.14,9293.07,2479.895,1078.9009129601836,28,0.0898524096385542,0.1686746987951807,0.2668542257832987,0.963855421686747,0.1040208193808232,Low Margin High Volume
Synthetic portfolio data,P000196,GRO-PAN-000196,Pantry Grocery Item 0196,Grocery,Pantry,44.49,24.49,0.4496,Mature,Core Margin,High,Retention Driver,2024-10-20,105,151,90,99,7357.279051266277,5444.355472642737,2474.942972642738,664.0437672732261,25,0.0858780952380952,0.238095238095238,0.4545887911028298,0.9428571428571428,0.1087099485793207,Stable
Synthetic portfolio data,P000223,BEA-FRA-000223,Fragrance Beauty Item 0223,Beauty,Fragrance,37.75,21.91,0.4194,Growth,Core Margin,Medium,Churn Correlated,2025-07-08,139,222,119,135,8368.084233678775,6658.14,2464.566,829.8599139330828,21,0.0871302158273381,0.1510791366906475,0.3701583325072767,0.9712230215827338,0.110825310292665,Low Margin High Volume
Synthetic portfolio data,P000174,ELE-ACC-000174,Accessories Electronics Item 0174,Electronics,Accessories,88.51,52.7,0.4046,Mature,Core Margin,High,Neutral,2023-02-02,82,129,72,79,10792.51,7509.89,2458.595,982.84248446454,23,0.0823853658536585,0.2804878048780488,0.3273809603070085,0.9634146341463414,0.1157274747865212,Return Heavy
Synthetic portfolio data,P000014,BAB-TRA-000014,Travel Baby Item 0014,Baby,Travel,34.59,19.92,0.4242,Growth,Core Margin,Low,Retention Driver,2025-11-17,138,215,108,133,7217.42,6211.18,2419.408,539.0049138705157,18,0.0748514492753623,0.1304347826086956,0.3895246957904938,0.9637681159420288,0.0798503923593188,Stable
Synthetic portfolio data,P000166,ELE-AUD-000166,Audio Electronics Item 0166,Electronics,Audio,78.22,55.08,0.2958,Decline,Core Margin,Low,Neutral,2021-05-18,79,120,69,73,9420.270053637045,8224.150053637042,2410.4560536370423,923.7525544636388,9,0.0953974683544303,0.1139240506329113,0.2930948533181303,0.9240506329113924,0.1009797102174693,Stable
Synthetic portfolio data,P000151,APP-DEN-000151,Denim Apparel Item 0151,Apparel,Denim,120.21,72.96,0.3931,Mature,Core Margin,Medium,Churn Correlated,2025-05-21,53,81,50,51,9745.05,6838.6,2355.208,826.261699700774,9,0.0791113207547169,0.1698113207547169,0.34439914602404,0.9622641509433962,0.1077986442642572,Stable
Synthetic portfolio data,P000176,HOM-STO-000176,Storage Home Item 0176,Home,Storage,82.32,57.18,0.3054,Mature,Core Margin,Low,Neutral,2025-06-12,83,126,66,82,10126.05,8724.38,2345.951,1011.8415300007682,9,0.0837373493975903,0.108433734939759,0.2688960132410555,0.9879518072289156,0.1039254835033204,Retention Driver
Synthetic portfolio data,P000069,PET-TOY-000069,Toys Pet Item 0069,Pet,Toys,20.69,12.52,0.3952,Growth,Core Margin,Medium,Retention Driver,2022-06-02,260,405,178,250,8154.24,6538.03,2318.79,696.3988461267619,51,0.0808423076923076,0.1961538461538461,0.3546618782722012,0.9615384615384616,0.0962617590052885,Low Margin High Volume
Synthetic portfolio data,P000001,OUT-TRA-000001,Travel Outdoor Item 0001,Outdoor,Travel,131.69,81.37,0.3821,Launch,Core Margin,Medium,Retention Driver,2024-06-07,40,62,39,38,7731.58,6948.63,2318.677,784.860212411392,5,0.0909224999999999,0.125,0.3336883673472325,0.95,0.101488485904046,Stable
Synthetic portfolio data,P000248,BEA-FRA-000248,Fragrance Beauty Item 0248,Beauty,Fragrance,34.37,19.29,0.4388,Mature,Core Margin,Medium,Neutral,2022-05-13,140,229,125,135,7448.3,6025.4800000000005,2313.1195,752.2741408807101,26,0.0918385714285714,0.1857142857142857,0.3838896652216919,0.9642857142857144,0.1109916537608368,Stable
Synthetic portfolio data,P000158,PET-FOO-000158,Food Pet Item 0158,Pet,Food,29.22,14.88,0.4909,Growth,Core Margin,Low,Neutral,2025-03-09,117,192,90,112,5427.2699999999995,4817.44,2238.736,407.4484629682844,13,0.0775042735042735,0.1111111111111111,0.4647148693081803,0.9572649572649572,0.0779822317464,Stable
Synthetic portfolio data,P000051,APP-BAS-000051,Basics Apparel Item 0051,Apparel,Basics,36.2,24.88,0.3126,Growth,Core Margin,Medium,Churn Correlated,2023-11-14,195,313,153,190,10808.85,8813.23,2231.226,1017.789721173738,33,0.0847635897435897,0.1692307692307692,0.2531677943273919,0.9743589743589745,0.1035283978712457,Low Margin High Volume
Synthetic portfolio data,P000067,HOM-DEC-000067,Decor Home Item 0067,Home,Decor,43.18,21.31,0.5065,Mature,Core Margin,Low,Retention Driver,2021-08-11,68,114,61,68,4709.53,4504.23,2165.4575,344.21334148514717,4,0.0733279411764705,0.0588235294117647,0.4807608625669649,1.0,0.070994609453291,Retention Driver
Synthetic portfolio data,P000184,HOM-KIT-000184,Kitchen Home Item 0184,Home,Kitchen,48.9,26.59,0.4563,Growth,Core Margin,Medium,Neutral,2025-07-05,92,128,78,89,6085.32,4868.21,2074.9305,556.2285952061641,18,0.0764923913043478,0.1956521739130435,0.4262204177716244,0.967391304347826,0.1025412280816912,Stable
Synthetic portfolio data,P000066,APP-DEN-000066,Denim Apparel Item 0066,Apparel,Denim,40.11,19.28,0.5194,Decline,Core Margin,High,Churn Correlated,2023-06-16,89,141,83,87,5434.05,4244.99,2034.538,474.92938718061697,18,0.0847067415730337,0.2022471910112359,0.4792798098464307,0.9775280898876404,0.1006223514050967,Stable
Synthetic portfolio data,P000160,HOM-STO-000160,Storage Home Item 0160,Home,Storage,104.39,57.81,0.4462,Mature,Core Margin,Medium,Retention Driver,2022-09-04,38,56,37,36,5654.14,4841.94,1997.688,447.4754544142544,6,0.0858736842105263,0.1578947368421052,0.4125800815375656,0.9473684210526316,0.0845982809009294,Stable
Synthetic portfolio data,P000222,OUT-GAR-000222,Garden Outdoor Item 0222,Outdoor,Garden,39.95,22.27,0.4426,Growth,Core Margin,Medium,Retention Driver,2025-06-14,105,157,90,105,5962.52,5067.35,1987.409,569.6920234728008,14,0.0889942857142857,0.1333333333333333,0.3921988810719606,1.0,0.1010622275123348,Retention Driver
Synthetic portfolio data,P000155,OUT-GAR-000155,Garden Outdoor Item 0155,Outdoor,Garden,88.98,74.01,0.1683,Mature,Thin Margin,Low,Neutral,2023-09-26,140,213,108,134,18286.9,16022.55,1956.9495,1815.3218183217025,16,0.0881064285714285,0.1142857142857142,0.1221372066244137,0.9571428571428572,0.1017678474658138,Low Margin High Volume
Synthetic portfolio data,P000018,ELE-WEA-000018,Wearables Electronics Item 0018,Electronics,Wearables,123.12,89.43,0.2736,Mature,Core Margin,Low,Neutral,2022-05-03,52,84,45,49,9728.66,8905.1,1925.0885,932.4093073629576,3,0.0857692307692307,0.0576923076923076,0.2161782012554603,0.9423076923076924,0.0947810343279765,Stable
Synthetic portfolio data,P000114,BAB-DIA-000114,Diapers Baby Item 0114,Baby,Diapers,25.94,13.9,0.4642,Mature,Core Margin,Low,Churn Correlated,2024-06-12,139,213,103,132,5234.11,4576.88,1923.37,499.93142459210014,14,0.0821280575539568,0.1007194244604316,0.4202360560032161,0.9496402877697842,0.0984735068492853,Stable
Synthetic portfolio data,P000060,HOM-BED-000060,Bedding Home Item 0060,Home,Bedding,60.3,29.73,0.507,Mature,Core Margin,Medium,Neutral,2022-12-07,58,94,51,55,5442.96,4145.04,1906.371,480.3546903272908,11,0.0900362068965517,0.1896551724137931,0.4599161889873197,0.9482758620689656,0.103851611048851,Stable
Synthetic portfolio data,P000124,PET-FOO-000124,Food Pet Item 0124,Pet,Food,48.67,20.32,0.5825,Decline,Premium Margin,Low,Neutral,2024-07-02,60,83,49,58,3848.54,3420.39,1889.278,354.56965770038573,6,0.0862733333333333,0.1,0.5523574797026071,0.9666666666666668,0.093926740906254,Stable
Synthetic portfolio data,P000091,PET-ACC-000091,Accessories Pet Item 0091,Pet,Accessories,104.26,66.2,0.3651,Mature,Core Margin,Low,Retention Driver,2021-10-08,59,82,53,58,8177.42,6302.25,1886.71,907.7911417879948,9,0.0972661016949152,0.1525423728813559,0.2993708596136301,0.9830508474576272,0.1259065134214857,Retention Driver
Synthetic portfolio data,P000131,APP-OUT-000131,Outerwear Apparel Item 0131,Apparel,Outerwear,57.35,31.17,0.4565,Decline,Core Margin,Low,Neutral,2023-09-02,47,85,46,47,4729.91,4370.99,1880.507,433.32020942215775,4,0.0829191489361702,0.0851063829787234,0.4302245029158154,1.0,0.0901940529511052,Retention Driver
Synthetic portfolio data,P000035,GRO-BEV-000035,Beverage Grocery Item 0035,Grocery,Beverage,46.32,23.06,0.502,Mature,Core Margin,Low,Neutral,2023-01-18,56,91,50,53,4061.64,3835.72,1835.265,360.0710440251608,3,0.0838446428571428,0.0535714285714285,0.4784668849655344,0.9464285714285714,0.0858172011539766,Stable
Synthetic portfolio data,P000095,APP-ACT-000095,Activewear Apparel Item 0095,Apparel,Activewear,50.79,38.09,0.25,Mature,Thin Margin,Medium,Retention Driver,2025-08-22,133,209,112,125,10320.28,8744.66,1819.898,820.0331588773377,23,0.0750992481203007,0.1729323308270676,0.2081153526838093,0.9398496240601504,0.0857354381636629,Low Margin High Volume
Synthetic portfolio data,P000229,BEA-HAI-000229,Hair Care Beauty Item 0229,Beauty,Hair Care,31.8,19.2,0.3961,Decline,Core Margin,Low,Neutral,2022-07-19,115,194,103,109,5946.42,5020.84,1818.28,550.5950035145271,17,0.0818495652173913,0.1478260869565217,0.3621465730833884,0.9478260869565216,0.0988246301297969,Stable
Synthetic portfolio data,P000007,APP-BAS-000007,Basics Apparel Item 0007,Apparel,Basics,169.0,131.07,0.2244,Mature,Thin Margin,Low,Churn Correlated,2023-02-04,49,69,46,47,11159.17,10191.18,1815.807,927.61141298418,4,0.0736448979591836,0.0816326530612244,0.1781743625370173,0.9591836734693876,0.0834273599108032,Stable
Synthetic portfolio data,P000063,APP-ACT-000063,Activewear Apparel Item 0063,Apparel,Activewear,64.14,41.42,0.3542,Mature,Core Margin,Low,Retention Driver,2023-03-20,70,119,65,69,7423.24,5898.47,1814.458,605.1429752048019,9,0.0795485714285714,0.1285714285714285,0.3076150255913821,0.9857142857142858,0.0930471996891459,Retention Driver
Synthetic portfolio data,P000040,APP-OUT-000040,Outerwear Apparel Item 0040,Apparel,Outerwear,36.25,21.22,0.4147,Mature,Core Margin,Medium,Retention Driver,2023-04-03,134,178,113,130,6269.59,4856.2,1800.52,531.5926618334204,27,0.081381343283582,0.2014925373134328,0.3707672665870434,0.9701492537313432,0.0986661319763043,Low Margin High Volume
Synthetic portfolio data,P000094,GRO-SNA-000094,Snacks Grocery Item 0094,Grocery,Snacks,29.65,16.59,0.4405,Growth,Core Margin,High,Neutral,2022-07-23,123,211,96,118,6209.43,4416.62,1762.22,493.2360407313573,33,0.0791853658536585,0.2682926829268293,0.3989974233690016,0.959349593495935,0.1004583508435995,Return Heavy
Synthetic portfolio data,P000225,BEA-FRA-000225,Fragrance Beauty Item 0225,Beauty,Fragrance,26.96,12.39,0.5403,Mature,Premium Margin,Low,Neutral,2021-11-26,77,131,72,75,3503.75,3251.54,1733.765,195.1256097190772,7,0.0619350649350649,0.0909090909090909,0.5332134926834668,0.974025974025974,0.0566128635075164,Stable
Synthetic portfolio data,P000121,BEA-SKI-000121,Skin Care Beauty Item 0121,Beauty,Skin Care,27.52,13.65,0.504,Decline,Core Margin,Low,Neutral,2021-05-26,97,156,92,92,4109.48,3610.03,1712.68,440.7096917694267,14,0.092580412371134,0.1443298969072164,0.4744226502272834,0.9484536082474226,0.108797337104848,Stable
Synthetic portfolio data,P000249,GRO-BEV-000249,Beverage Grocery Item 0249,Grocery,Beverage,22.23,10.02,0.5492,Mature,Premium Margin,High,Retention Driver,2022-11-17,129,197,110,125,4340.08,3224.72,1676.63,333.96561586161226,29,0.0766891472868217,0.2248062015503876,0.5199304125629512,0.9689922480620154,0.0938452147537495,Stable
Synthetic portfolio data,P000237,BAB-FEE-000237,Feeding Baby Item 0237,Baby,Feeding,61.45,40.44,0.3419,Mature,Core Margin,Low,Neutral,2022-02-13,68,110,54,63,6561.1900000000005,5489.91,1660.242,466.2847535053874,6,0.0652088235294117,0.088235294117647,0.3024169795133253,0.9264705882352942,0.0782856794988051,Stable
Synthetic portfolio data,P000030,APP-OUT-000030,Outerwear Apparel Item 0030,Apparel,Outerwear,41.49,28.64,0.3097,Growth,Core Margin,Medium,Retention Driver,2025-09-15,103,158,93,98,6461.8,5695.92,1633.336,523.3918750393333,15,0.0759427184466019,0.145631067961165,0.286755431958314,0.9514563106796116,0.0841559139588932,Stable
Synthetic portfolio data,P000088,BEA-SKI-000088,Skin Care Beauty Item 0088,Beauty,Skin Care,64.85,49.33,0.2393,Launch,Thin Margin,Medium,Neutral,2024-04-01,107,183,100,101,11199.89,9369.17,1599.695,1146.165484406584,17,0.09113738317757,0.1588785046728972,0.1707403110414262,0.9439252336448598,0.1089994214741182,Stable
Synthetic portfolio data,P000109,APP-ACT-000109,Activewear Apparel Item 0109,Apparel,Activewear,95.27,67.82,0.2881,Mature,Core Margin,High,Neutral,2023-01-31,71,105,65,70,9406.22,7197.12,1574.842,1058.0951702372224,12,0.0871901408450704,0.1690140845070422,0.2188155817882708,0.9859154929577464,0.128172936551915,Retention Driver
Synthetic portfolio data,P000110,BEA-HAI-000110,Hair Care Beauty Item 0110,Beauty,Hair Care,27.9,15.62,0.4401,Launch,Core Margin,Low,Neutral,2025-09-26,111,169,105,107,4561.75,3862.2,1554.345,404.22300223250295,11,0.0825486486486486,0.0990990990990991,0.4024506757806432,0.963963963963964,0.0947451769365072,Stable
Synthetic portfolio data,P000021,BEA-HAI-000021,Hair Care Beauty Item 0021,Beauty,Hair Care,30.8,19.8,0.357,Mature,Core Margin,Low,Neutral,2025-12-28,120,194,104,119,5823.4,4746.51,1494.36,466.5229625594069,19,0.0789375,0.1583333333333333,0.3148334249796166,0.9916666666666668,0.0894916579100933,Retention Driver
Synthetic portfolio data,P000062,BAB-TOY-000062,Toys Baby Item 0062,Baby,Toys,19.11,12.8,0.33,Mature,Core Margin,Low,Neutral,2025-06-02,129,202,106,121,4277.988582218181,3816.4585822181816,1491.9785822181814,350.1974921664549,14,0.0835868217054263,0.1085271317829457,0.3909327325520251,0.937984496124031,0.084047611781391,Stable
Synthetic portfolio data,P000005,OUT-GAR-000005,Garden Outdoor Item 0005,Outdoor,Garden,84.72,51.01,0.3979,Mature,Core Margin,Low,Retention Driver,2025-01-10,44,64,41,41,4988.46,4404.24,1486.468,623.0488001148469,4,0.0934386363636363,0.0909090909090909,0.3375084009954044,0.9318181818181818,0.1239333614771869,Stable
Synthetic portfolio data,P000038,APP-ACT-000038,Activewear Apparel Item 0038,Apparel,Activewear,70.7,41.2,0.4173,Mature,Core Margin,High,Retention Driver,2023-02-16,61,89,54,61,6221.26,4021.16,1475.0,456.402559646675,17,0.0718213114754098,0.2786885245901639,0.3668095773358931,1.0,0.1019310291183714,Return Heavy
Synthetic portfolio data,P000126,OUT-TRA-000126,Travel Outdoor Item 0126,Outdoor,Travel,63.76,42.38,0.3353,Mature,Core Margin,Low,Neutral,2024-03-10,66,93,62,62,5627.21,5005.15,1424.04,570.2016032523275,6,0.0946939393939394,0.0909090909090909,0.28451494960191,0.9393939393939394,0.1022718644183276,Stable
Synthetic portfolio data,P000010,OUT-TRA-000010,Travel Outdoor Item 0010,Outdoor,Travel,130.19,83.03,0.3623,Decline,Core Margin,Low,Neutral,2025-12-20,28,40,27,27,5017.31,4253.04,1355.293,429.7498564695395,3,0.0809642857142857,0.1071428571428571,0.3186645317231909,0.9642857142857144,0.0917721848815862,Stable
Synthetic portfolio data,P000081,BEA-FRA-000081,Fragrance Beauty Item 0081,Beauty,Fragrance,44.35,29.26,0.3402,Mature,Core Margin,Low,Retention Driver,2025-04-11,87,133,79,87,5687.67,4607.79,1337.985,547.0499499954904,15,0.0904402298850574,0.1724137931034483,0.290374561340686,1.0,0.1061235567548453,Retention Driver
Synthetic portfolio data,P000065,GRO-SNA-000065,Snacks Grocery Item 0065,Grocery,Snacks,25.25,13.62,0.4606,Growth,Core Margin,Low,Neutral,2023-05-19,98,166,83,97,3990.86,3195.52,1316.641,373.60226089398896,12,0.0877551020408163,0.1224489795918367,0.412027150510715,0.9897959183673468,0.1046762294997452,Retention Driver
Synthetic portfolio data,P000157,GRO-SNA-000157,Snacks Grocery Item 0157,Grocery,Snacks,23.93,14.24,0.4048,Mature,Core Margin,Low,Neutral,2024-03-30,123,180,102,116,4146.7300000000005,3541.17,1292.674,359.35936625030496,19,0.0829463414634146,0.1544715447154471,0.3650414975841318,0.943089430894309,0.092130921858888,Low Margin High Volume
Synthetic portfolio data,P000078,APP-ACT-000078,Activewear Apparel Item 0078,Apparel,Activewear,21.09,9.0,0.5733,Mature,Premium Margin,Low,Retention Driver,2024-01-30,77,119,68,75,2471.62,2291.59,1289.44,163.58701113870714,5,0.0732454545454545,0.0649350649350649,0.5626835515951806,0.974025974025974,0.066629416289148,Stable
Synthetic portfolio data,P000186,BEA-SKI-000186,Skin Care Beauty Item 0186,Beauty,Skin Care,76.25,45.49,0.4034,Mature,Core Margin,Medium,Neutral,2023-05-26,37,60,37,36,4336.41,3584.45,1280.3815,545.1164273628274,8,0.1019729729729729,0.2162162162162162,0.3572044525659446,0.972972972972973,0.1320033075992781,Stable
Synthetic portfolio data,P000241,PET-TOY-000241,Toys Pet Item 0241,Pet,Toys,25.63,15.79,0.384,Mature,Core Margin,Low,Neutral,2022-01-16,89,156,71,88,3992.511148826322,3460.521148826322,1279.132648826322,353.76765086372,10,0.0740494382022471,0.1123595505617977,0.3696358420638913,0.9887640449438202,0.0927479982355997,Retention Driver
Synthetic portfolio data,P000039,APP-DEN-000039,Denim Apparel Item 0039,Apparel,Denim,36.49,24.65,0.3246,Launch,Core Margin,Medium,Churn Correlated,2021-10-19,113,170,98,109,5944.91,4645.92,1272.5675,620.2046810239754,24,0.0900283185840707,0.2123893805309734,0.2739107647139855,0.9646017699115044,0.1177725022840475,Stable
Synthetic portfolio data,P000192,APP-OUT-000192,Outerwear Apparel Item 0192,Apparel,Outerwear,35.33,23.04,0.3478,Growth,Core Margin,High,Retention Driver,2025-05-05,106,159,95,105,5532.67,4134.34,1254.34,462.487226069701,28,0.0729858490566037,0.2641509433962264,0.3033954633629551,0.9905660377358492,0.1006100954690717,Return Heavy
Synthetic portfolio data,P000057,APP-DEN-000057,Denim Apparel Item 0057,Apparel,Denim,45.72,37.27,0.1848,Growth,Thin Margin,High,Neutral,2022-08-11,154,266,124,151,12079.938496496605,8783.768496496605,1245.9109964966049,1080.4502422018395,40,0.0793610389610389,0.2597402597402597,0.1418424218481549,0.9805194805194806,0.1095322671589906,Low Margin High Volume
Synthetic portfolio data,P000218,ELE-SMA-000218,Smart Home Electronics Item 0218,Electronics,Smart Home,66.52,39.82,0.4014,Decline,Core Margin,High,Neutral,2025-07-11,64,94,53,62,5814.87,3849.7,1223.571,579.6800460806865,19,0.092171875,0.296875,0.3178354157466815,0.96875,0.1308715982936739,Return Heavy
Synthetic portfolio data,P000032,APP-OUT-000032,Outerwear Apparel Item 0032,Apparel,Outerwear,54.16,33.13,0.3883,Mature,Core Margin,High,Neutral,2025-04-10,82,123,74,80,6237.48,4108.1,1215.851,715.0324197065769,28,0.0955768292682926,0.3414634146341463,0.2959643144032521,0.975609756097561,0.1482506299816825,Return Heavy
Synthetic portfolio data,P000173,GRO-PAN-000173,Pantry Grocery Item 0173,Grocery,Pantry,17.5,10.19,0.4176,Growth,Core Margin,Medium,Retention Driver,2023-06-16,133,214,112,126,3688.0,3089.93,1212.4225,273.8332235940041,24,0.0732744360902255,0.1804511278195488,0.3923786299366005,0.9473684210526316,0.0814068070170015,Stable
Synthetic portfolio data,P000086,BAB-TRA-000086,Travel Baby Item 0086,Baby,Travel,22.79,13.7,0.3988,Mature,Core Margin,Medium,Neutral,2025-12-03,115,190,84,112,4151.37,3413.24,1206.17,320.45222498487715,19,0.0754017391304347,0.1652173913043478,0.353379779915857,0.9739130434782608,0.085827166695877,Stable
Synthetic portfolio data,P000191,ELE-WEA-000191,Wearables Electronics Item 0191,Electronics,Wearables,55.71,38.3,0.3125,Mature,Core Margin,Low,Neutral,2021-12-11,59,102,50,58,5400.56,4591.2,1205.48,514.7276529899433,10,0.088457627118644,0.1694915254237288,0.2625631643143405,0.9830508474576272,0.1008098210495653,Retention Driver
Synthetic portfolio data,P000207,BAB-FEE-000207,Feeding Baby Item 0207,Baby,Feeding,20.39,10.33,0.4934,Growth,Core Margin,Low,Neutral,2021-08-05,91,144,70,84,2878.28,2512.3,1182.829,245.51462792945196,11,0.0753692307692307,0.1208791208791208,0.4708151892687974,0.9230769230769232,0.08902506551493,Stable
Synthetic portfolio data,P000180,PET-TOY-000180,Toys Pet Item 0180,Pet,Toys,36.53,25.1,0.3129,Growth,Core Margin,Medium,Neutral,2022-03-24,95,157,79,94,5530.55,4411.6,1153.62,467.96217063512296,17,0.0764378947368421,0.1789473684210526,0.2614969625532686,0.9894736842105264,0.0959024917135573,Retention Driver
Synthetic portfolio data,P000150,APP-BAS-000150,Basics Apparel Item 0150,Apparel,Basics,58.7,33.89,0.4227,Mature,Core Margin,Medium,Neutral,2023-07-02,32,58,32,31,3357.49,2828.0,1150.445,231.46537345700193,5,0.078790625,0.15625,0.406805162659123,0.96875,0.0756554970241289,Stable
Synthetic portfolio data,P000234,PET-ACC-000234,Accessories Pet Item 0234,Pet,Accessories,27.24,17.92,0.3419,Mature,Core Margin,Low,Neutral,2022-01-17,41,58,35,37,2222.6731448730047,2052.713144873005,1119.977144873005,151.49463481723862,2,0.0733512195121951,0.048780487804878,0.5456082101244081,0.902439024390244,0.0687297432724459,Stable
Synthetic portfolio data,P000036,APP-DEN-000036,Denim Apparel Item 0036,Apparel,Denim,52.17,29.98,0.4254,Decline,Core Margin,Medium,Neutral,2023-12-06,44,65,43,43,3320.57,2752.78,1109.876,280.73574467828854,5,0.0846727272727272,0.1136363636363636,0.403183690669069,0.9772727272727272,0.0925446802677008,Stable
Synthetic portfolio data,P000097,GRO-PAN-000097,Pantry Grocery Item 0097,Grocery,Pantry,14.31,6.53,0.5437,Growth,Premium Margin,Low,Churn Correlated,2025-11-23,112,173,98,109,2424.3,2121.53,1108.4005,201.0096118649112,14,0.0802357142857142,0.125,0.5224533709162726,0.9732142857142856,0.0865473341500979,Stable
Synthetic portfolio data,P000165,BEA-SKI-000165,Skin Care Beauty Item 0165,Beauty,Skin Care,40.96,27.16,0.337,Mature,Core Margin,Low,Neutral,2023-09-04,82,122,69,78,4768.46,3982.58,1107.694,461.2973787495098,10,0.0913341463414634,0.1219512195121951,0.2781347769536331,0.951219512195122,0.1038051546956313,Stable
Synthetic portfolio data,P000239,BEA-FRA-000239,Fragrance Beauty Item 0239,Beauty,Fragrance,38.43,25.09,0.3472,Mature,Core Margin,High,Churn Correlated,2022-05-12,84,118,80,80,4510.15,3481.11,1096.3055,354.30614874056135,15,0.0779869047619047,0.1785714285714285,0.3149298643248848,0.9523809523809524,0.0923774982949125,Stable
Synthetic portfolio data,P000119,GRO-COF-000119,Coffee Grocery Item 0119,Grocery,Coffee,26.92,17.47,0.3508,Growth,Core Margin,Medium,Neutral,2021-05-15,104,161,85,99,4207.46,3453.83,1086.645,394.25673672959,20,0.0797990384615384,0.1923076923076923,0.3146202910971298,0.9519230769230768,0.1024552624987504,Stable
Synthetic portfolio data,P000011,BAB-FEE-000011,Feeding Baby Item 0011,Baby,Feeding,31.34,21.68,0.3081,Launch,Core Margin,Low,Neutral,2025-12-17,79,147,64,77,4485.85,3898.97,1080.57,416.68391864960904,11,0.0807645569620253,0.1392405063291139,0.2771424247942405,0.9746835443037974,0.0965517454606257,Stable
Synthetic portfolio data,P000050,APP-ACT-000050,Activewear Apparel Item 0050,Apparel,Activewear,64.75,33.45,0.4834,Decline,Core Margin,Low,Neutral,2024-08-06,31,53,31,29,3277.25,2469.16,1065.9325,355.8653352197231,8,0.1017709677419354,0.2580645161290322,0.4316984318553679,0.935483870967742,0.1259689004495405,Return Heavy
Synthetic portfolio data,P000245,BEA-MAK-000245,Makeup Beauty Item 0245,Beauty,Makeup,35.33,21.66,0.3869,Mature,Core Margin,Medium,Neutral,2021-02-16,79,134,74,76,4414.01,3338.09,1043.213,534.2963336865439,18,0.1058506329113924,0.2278481012658227,0.3125179369040379,0.9620253164556962,0.1379759888724453,Stable
Synthetic portfolio data,P000132,BEA-MAK-000132,Makeup Beauty Item 0132,Beauty,Makeup,37.7,21.46,0.4306,Growth,Core Margin,Low,Retention Driver,2025-02-14,54,81,53,53,2919.05,2633.43,1041.098,319.5758225390965,6,0.1062666666666666,0.1111111111111111,0.3953391584359562,0.9814814814814816,0.1082205189369773,Stable
Synthetic portfolio data,P000087,BEA-FRA-000087,Fragrance Beauty Item 0087,Beauty,Fragrance,42.59,25.22,0.4078,Mature,Core Margin,High,Neutral,2024-08-22,51,72,49,48,3182.2319363348747,2464.9819363348747,1035.007936334875,268.41891723202957,10,0.0748098039215686,0.196078431372549,0.4198845926935289,0.9411764705882352,0.0981996171113215,Stable
Synthetic portfolio data,P000138,GRO-SNA-000138,Snacks Grocery Item 0138,Grocery,Snacks,10.61,3.55,0.6655,Launch,Premium Margin,Low,Neutral,2023-11-10,104,181,86,103,1831.58,1605.19,1026.0075,184.2470453493504,12,0.09295,0.1153846153846153,0.6391813430185834,0.9903846153846154,0.1029636923121707,Retention Driver
Synthetic portfolio data,P000019,GRO-COF-000019,Coffee Grocery Item 0019,Grocery,Coffee,13.3,6.19,0.5349,Mature,Premium Margin,Low,Retention Driver,2021-07-02,125,188,105,121,2397.69,2037.04,1025.9035,213.40147074874145,11,0.0870616,0.088,0.5036246220005499,0.968,0.0948264922783088,Stable
Synthetic portfolio data,P000056,OUT-CAM-000056,Camping Outdoor Item 0056,Outdoor,Camping,53.88,35.24,0.3458,Decline,Core Margin,Low,Neutral,2022-04-16,55,78,47,51,4228.24,3253.94,1014.438,295.52740589108976,11,0.0738072727272727,0.2,0.3117568240348623,0.9272727272727272,0.0832596477433768,Stable
Synthetic portfolio data,P000031,BEA-MAK-000031,Makeup Beauty Item 0031,Beauty,Makeup,27.7,17.43,0.3706,Growth,Core Margin,Medium,Churn Correlated,2022-12-09,73,121,60,70,3287.57,2922.28,1005.8515,296.5036178567866,7,0.0870986301369863,0.0958904109589041,0.34420093214887,0.958904109589041,0.0921166667469906,Stable
Synthetic portfolio data,P000013,BAB-TOY-000013,Toys Baby Item 0013,Baby,Toys,47.17,29.25,0.3798,Mature,Core Margin,High,Churn Correlated,2023-09-10,54,86,47,54,3999.22,2993.0299999999997,999.6425,356.94354847483356,13,0.0780648148148148,0.2407407407407407,0.3339901370851612,1.0,0.1065511543030964,Return Heavy
Synthetic portfolio data,P000217,PET-FOO-000217,Food Pet Item 0217,Pet,Food,18.99,12.71,0.3307,Mature,Core Margin,Medium,Neutral,2023-07-18,158,238,132,148,4296.5199999999995,3586.58,982.9365,376.0925559551894,24,0.0816101265822784,0.1518987341772152,0.2740595497660724,0.9367088607594936,0.0949088148577882,Low Margin High Volume
Synthetic portfolio data,P000201,HOM-STO-000201,Storage Home Item 0201,Home,Storage,58.47,34.99,0.4016,Launch,Core Margin,High,Neutral,2025-01-05,75,114,66,74,6299.79,3422.1,979.798,669.8472376179897,35,0.09136,0.4666666666666667,0.2863148359194646,0.9866666666666668,0.1636988941255073,Return Heavy
Synthetic portfolio data,P000111,BEA-FRA-000111,Fragrance Beauty Item 0111,Beauty,Fragrance,38.07,18.96,0.5019,Mature,Core Margin,Low,Neutral,2024-09-11,44,66,42,43,2443.55,2077.7,971.384,285.65989488362396,4,0.1006204545454545,0.0909090909090909,0.4675285171102662,0.9772727272727272,0.1208702472704396,Stable
Synthetic portfolio data,P000090,PET-TOY-000090,Toys Pet Item 0090,Pet,Toys,41.18,18.15,0.5594,Decline,Premium Margin,Medium,Churn Correlated,2025-02-23,39,63,36,39,2524.1,1831.92,966.165,231.28891082517512,8,0.0898128205128205,0.2051282051282051,0.5274056727368007,1.0,0.1121015470666379,Retention Driver
Synthetic portfolio data,P000108,BAB-TOY-000108,Toys Baby Item 0108,Baby,Toys,19.55,10.44,0.4661,Decline,Core Margin,Low,Retention Driver,2023-02-12,85,127,76,79,2413.09,2169.11,958.592,220.28921901512072,9,0.0849894117647058,0.1058823529411764,0.4419287173080203,0.9294117647058824,0.0921943965085587,Stable
Synthetic portfolio data,P000133,PET-WEL-000133,Wellness Pet Item 0133,Pet,Wellness,26.85,16.52,0.3848,Mature,Core Margin,Low,Neutral,2025-06-12,72,116,62,70,2986.93,2674.49,940.716,274.3009285503512,7,0.0835625,0.0972222222222222,0.3517365927709582,0.9722222222222222,0.0930214909082075,Stable
Synthetic portfolio data,P000026,GRO-PAN-000026,Pantry Grocery Item 0026,Grocery,Pantry,17.51,7.7,0.5602,Launch,Premium Margin,Medium,Neutral,2021-08-07,91,139,80,89,2359.55,1787.4,939.63,189.39743105162583,17,0.0747373626373626,0.1868131868131868,0.5256965424639141,0.978021978021978,0.0958102373447892,Stable
Synthetic portfolio data,P000190,BEA-MAK-000190,Makeup Beauty Item 0190,Beauty,Makeup,30.69,21.28,0.3068,Mature,Core Margin,Low,Neutral,2022-08-19,73,127,66,72,3782.7,3399.92,932.504,272.94716275982387,8,0.0771671232876712,0.1095890410958904,0.2742723358196663,0.9863013698630136,0.074314466236979,Retention Driver
Synthetic portfolio data,P000199,BEA-FRA-000199,Fragrance Beauty Item 0199,Beauty,Fragrance,45.06,29.07,0.3548,Mature,Core Margin,Low,Retention Driver,2023-01-10,64,95,60,61,4050.39,3132.5,914.459,405.5832596284479,10,0.081096875,0.15625,0.2919262569832402,0.953125,0.1146336108752398,Stable
Synthetic portfolio data,P000140,APP-OUT-000140,Outerwear Apparel Item 0140,Apparel,Outerwear,35.8,22.58,0.3692,Growth,Core Margin,Medium,Retention Driver,2025-12-07,65,99,60,64,3374.35,2816.8,888.4680000000001,387.4775264148795,12,0.1008753846153846,0.1846153846153846,0.3154174950298211,0.9846153846153848,0.120925083180423,Retention Driver
Synthetic portfolio data,P000074,BEA-MAK-000074,Makeup Beauty Item 0074,Beauty,Makeup,41.48,27.21,0.3441,Growth,Core Margin,Medium,Churn Correlated,2025-09-11,49,86,43,47,3385.43,2970.91,862.135,301.72389671148284,8,0.0877938775510204,0.1632653061224489,0.2901922306633321,0.9591836734693876,0.0921960433810427,Stable
Synthetic portfolio data,P000219,APP-OUT-000219,Outerwear Apparel Item 0219,Apparel,Outerwear,43.74,30.93,0.2928,Decline,Core Margin,Low,Retention Driver,2025-09-01,52,72,50,51,3140.71,3009.76,861.6715,242.5915613829872,2,0.0760711538461538,0.0384615384615384,0.2862924286321833,0.9807692307692308,0.0745895875044427,Stable
Synthetic portfolio data,P000146,OUT-FIT-000146,Fitness Outdoor Item 0146,Outdoor,Fitness,74.54,55.16,0.26,Mature,Core Margin,Low,Neutral,2021-05-24,47,67,43,46,4707.26,4318.3,857.01,529.1937236335519,4,0.0965255319148936,0.0851063829787234,0.1984600421462149,0.9787234042553192,0.1091685216740997,Stable
Synthetic portfolio data,P000085,BEA-FRA-000085,Fragrance Beauty Item 0085,Beauty,Fragrance,20.91,14.66,0.2989,Launch,Core Margin,Low,Retention Driver,2025-03-04,102,164,95,98,3390.95,2920.07,789.972,319.26680992949537,12,0.0850725490196078,0.1176470588235294,0.2705318708113161,0.9607843137254902,0.0985593128046614,Stable
Synthetic portfolio data,P000058,ELE-WEA-000058,Wearables Electronics Item 0058,Electronics,Wearables,191.95,146.67,0.2359,Mature,Thin Margin,High,Retention Driver,2021-11-02,36,56,35,35,10223.99,6758.7699999999995,789.301,928.1844166836854,11,0.0752805555555555,0.3055555555555556,0.1167817517092607,0.9722222222222222,0.1207480058251892,Return Heavy
Synthetic portfolio data,P000071,BEA-MAK-000071,Makeup Beauty Item 0071,Beauty,Makeup,23.12,16.43,0.2894,Growth,Core Margin,Low,Churn Correlated,2023-03-04,95,151,88,94,3366.72,3068.33,782.917,293.19328763928524,10,0.0808084210526315,0.1052631578947368,0.255160624835008,0.9894736842105264,0.0872203648617849,Retention Driver
Synthetic portfolio data,P000213,PET-FOO-000213,Food Pet Item 0213,Pet,Food,20.25,12.77,0.3694,Mature,Core Margin,Low,Churn Correlated,2025-03-25,84,132,71,82,2550.16,2359.57,782.475,219.4346369515989,9,0.0821035714285714,0.1071428571428571,0.3316176252452777,0.9761904761904762,0.0850850106306796,Stable
Synthetic portfolio data,P000209,HOM-BED-000209,Bedding Home Item 0209,Home,Bedding,67.68,39.24,0.4202,Decline,Core Margin,Medium,Neutral,2022-01-08,24,36,23,23,2334.15,2016.36,770.49,224.2037453515639,4,0.0827708333333333,0.1666666666666666,0.3821192644170683,0.9583333333333334,0.1000657739895654,Stable
Synthetic portfolio data,P000134,BAB-TRA-000134,Travel Baby Item 0134,Baby,Travel,29.87,17.1,0.4276,Mature,Core Margin,Low,Neutral,2024-10-10,52,79,46,51,2226.92,1999.38,764.76,183.5093100157296,6,0.0755634615384615,0.1153846153846153,0.382498574558113,0.9807692307692308,0.0840671623493393,Stable
Synthetic portfolio data,P000156,PET-FOO-000156,Food Pet Item 0156,Pet,Food,41.42,29.54,0.2867,Growth,Core Margin,Low,Churn Correlated,2023-07-05,63,95,57,60,3781.29,3188.58,758.915,375.2095178465723,11,0.086979365079365,0.1746031746031746,0.2380103368897753,0.9523809523809524,0.1052838603311492,Stable
Synthetic portfolio data,P000181,BEA-MAK-000181,Makeup Beauty Item 0181,Beauty,Makeup,37.2,18.4,0.5052,Decline,Core Margin,Low,Retention Driver,2022-05-28,29,42,28,28,1521.26,1447.56,706.04,134.50306584217196,1,0.0917965517241379,0.0344827586206896,0.4877448948575534,0.9655172413793104,0.0850175120993502,Stable
Synthetic portfolio data,P000120,BEA-SKI-000120,Skin Care Beauty Item 0120,Beauty,Skin Care,26.4,11.49,0.5649,Decline,Premium Margin,Low,Retention Driver,2024-11-08,32,61,28,32,1600.05,1251.01,686.851,176.13888727006042,3,0.102640625,0.09375,0.5490371779602081,1.0,0.1234201202419671,Retention Driver
Synthetic portfolio data,P000221,BEA-SKI-000221,Skin Care Beauty Item 0221,Beauty,Skin Care,31.74,19.33,0.3909,Mature,Core Margin,Medium,Neutral,2023-03-03,47,79,44,46,2409.72,1938.73,674.548,259.88331646742256,9,0.0876425531914893,0.1914893617021276,0.3479329251623485,0.9787234042553192,0.1182032850073813,Stable
Synthetic portfolio data,P000161,GRO-BEV-000161,Beverage Grocery Item 0161,Grocery,Beverage,10.32,8.4,0.1863,Mature,Thin Margin,Medium,Neutral,2025-05-24,334,556,243,327,5619.33006837969,4572.14006837969,665.7200683796898,503.8610508491659,53,0.0853652694610778,0.1586826347305389,0.1456036032193591,0.9790419161676648,0.0992633845056583,Low Margin High Volume
Synthetic portfolio data,P000152,BEA-FRA-000152,Fragrance Beauty Item 0152,Beauty,Fragrance,25.35,16.63,0.3442,Mature,Core Margin,Medium,Retention Driver,2024-08-30,79,125,72,75,3278.5161922103493,2346.83,663.874,272.7817688869894,15,0.0875468354430379,0.189873417721519,0.2828811631008637,0.9493670886075948,0.104130609018789,Stable
Synthetic portfolio data,P000055,PET-TOY-000055,Toys Pet Item 0055,Pet,Toys,26.5,20.0,0.2453,Mature,Thin Margin,Medium,Churn Correlated,2021-05-11,105,164,87,102,4120.53,3534.14,662.14,390.84607616173105,15,0.080507619047619,0.1428571428571428,0.187355339630009,0.9714285714285714,0.0995789713842607,Stable
Synthetic portfolio data,P000182,GRO-PAN-000182,Pantry Grocery Item 0182,Grocery,Pantry,16.2,5.83,0.64,Decline,Premium Margin,Low,Neutral,2025-09-19,54,85,49,52,1313.53,1077.98,651.807,132.3328713025629,9,0.0821203703703703,0.1666666666666666,0.6046559305367447,0.9629629629629628,0.1093377377373039,Stable
Synthetic portfolio data,P000163,GRO-BEV-000163,Beverage Grocery Item 0163,Grocery,Beverage,13.51,6.66,0.5072,Decline,Core Margin,Low,Neutral,2024-01-06,85,143,74,81,1849.29,1386.62,632.375,168.65742624626165,18,0.09184,0.2117647058823529,0.4560550114667321,0.9529411764705882,0.1084420203110159,Stable
Synthetic portfolio data,P000082,GRO-COF-000082,Coffee Grocery Item 0082,Grocery,Coffee,19.61,13.79,0.2967,Mature,Core Margin,Low,Neutral,2022-01-18,77,145,72,74,2711.98,2496.11,625.4965,254.6574954339132,7,0.0833142857142857,0.0909090909090909,0.2505885157304766,0.961038961038961,0.0925768883981024,Stable
Synthetic portfolio data,P000080,APP-OUT-000080,Outerwear Apparel Item 0080,Apparel,Outerwear,58.75,49.09,0.1644,Launch,Thin Margin,Low,Neutral,2025-10-17,75,124,64,72,6984.9800000000005,5994.98,617.1705000000001,694.2925452079046,9,0.08482,0.12,0.102947883062162,0.96,0.1037919355977333,Stable
Synthetic portfolio data,P000096,BEA-FRA-000096,Fragrance Beauty Item 0096,Beauty,Fragrance,25.15,17.46,0.3061,Mature,Core Margin,Low,Neutral,2022-12-19,106,151,95,95,3529.68,2744.87,598.163,433.28263100225234,16,0.1024603773584905,0.1509433962264151,0.2179203386681336,0.8962264150943396,0.1363315992994375,Stable
Synthetic portfolio data,P000247,APP-ACT-000247,Activewear Apparel Item 0247,Apparel,Activewear,33.14,25.69,0.2248,Mature,Thin Margin,High,Neutral,2024-07-14,71,106,65,70,3634.259295635348,2536.2592956353483,577.3967956353481,361.2092216647483,21,0.0835802816901408,0.2957746478873239,0.2276568474796685,0.9859154929577464,0.1246637261140384,Return Heavy
Synthetic portfolio data,P000172,BAB-DIA-000172,Diapers Baby Item 0172,Baby,Diapers,24.6,17.6,0.2847,Mature,Core Margin,Low,Retention Driver,2023-01-13,86,129,70,84,2974.28,2550.58,549.46,294.1643469066883,8,0.0888151162790697,0.0930232558139534,0.2154255110602294,0.9767441860465116,0.1034062506272509,Stable
Synthetic portfolio data,P000154,OUT-GAR-000154,Garden Outdoor Item 0154,Outdoor,Garden,82.16,62.87,0.2349,Mature,Thin Margin,Medium,Churn Correlated,2022-07-29,43,64,36,43,4971.45,3715.42,546.7719999999999,451.10112868099606,10,0.0858906976744186,0.2325581395348837,0.1471629048667445,1.0,0.1082680525908678,Retention Driver
Synthetic portfolio data,P000183,BEA-FRA-000183,Fragrance Beauty Item 0183,Beauty,Fragrance,19.62,9.85,0.4981,Growth,Core Margin,Low,Neutral,2025-05-13,54,69,51,50,1332.76,1131.84,535.915,118.53106981095658,8,0.0779037037037037,0.1481481481481481,0.473490069267741,0.925925925925926,0.0947967148895066,Stable
Synthetic portfolio data,P000028,BEA-SKI-000028,Skin Care Beauty Item 0028,Beauty,Skin Care,29.56,18.35,0.3792,Decline,Core Margin,Low,Churn Correlated,2023-03-05,51,77,48,50,2187.89,1682.98,535.1875,199.9750453714125,11,0.0824431372549019,0.2156862745098039,0.3179999168142224,0.9803921568627452,0.1062027720008405,Stable
Synthetic portfolio data,P000185,BEA-HAI-000185,Hair Care Beauty Item 0185,Beauty,Hair Care,49.29,36.66,0.2562,Decline,Core Margin,Low,Neutral,2025-11-14,32,67,31,32,3156.62,2710.38,534.609,268.00684940019175,4,0.084878125,0.125,0.1972450357514444,1.0,0.0899838949578241,Retention Driver
Synthetic portfolio data,P000076,GRO-PAN-000076,Pantry Grocery Item 0076,Grocery,Pantry,14.23,6.89,0.5156,Launch,Core Margin,Medium,Neutral,2025-12-21,71,104,64,70,1387.09,1142.03,530.887,149.90055554919448,15,0.087469014084507,0.2112676056338028,0.4648625692845196,0.9859154929577464,0.1160283382921246,Retention Driver
Synthetic portfolio data,P000015,GRO-COF-000015,Coffee Grocery Item 0015,Grocery,Coffee,9.54,6.59,0.3097,Growth,Core Margin,Medium,Neutral,2023-06-10,164,261,133,154,2394.35,2003.33,529.806,229.44842338949113,32,0.0912164634146341,0.1951219512195122,0.2644626696550244,0.9390243902439024,0.1027636334111356,Low Margin High Volume
Synthetic portfolio data,P000017,BEA-FRA-000017,Fragrance Beauty Item 0017,Beauty,Fragrance,21.76,13.58,0.376,Mature,Core Margin,High,Neutral,2024-02-02,72,102,68,70,2200.59,1561.67,522.8,175.85001123651537,22,0.0790694444444444,0.3055555555555556,0.3347698297335544,0.9722222222222222,0.1012074739279525,Return Heavy
Synthetic portfolio data,P000129,BEA-SKI-000129,Skin Care Beauty Item 0129,Beauty,Skin Care,46.52,37.66,0.1904,Growth,Thin Margin,Low,Retention Driver,2025-03-16,61,101,57,60,4500.13,3779.14,519.667,422.6383035554203,9,0.0869639344262295,0.1475409836065573,0.1375093275189593,0.9836065573770492,0.1005855790149128,Retention Driver
Synthetic portfolio data,P000106,GRO-COF-000106,Coffee Grocery Item 0106,Grocery,Coffee,12.14,4.85,0.6004,Decline,Premium Margin,Low,Neutral,2022-12-17,44,72,42,41,894.48,845.95,513.24,49.54673692774142,4,0.0633454545454545,0.0909090909090909,0.606702523789822,0.9318181818181818,0.0553287743936686,Stable
Synthetic portfolio data,P000022,APP-DEN-000022,Denim Apparel Item 0022,Apparel,Denim,47.21,40.51,0.142,Growth,Thin Margin,Medium,Neutral,2022-11-21,120,201,110,115,9169.75,7174.65,512.7805,737.2590964549254,23,0.0794575,0.1916666666666666,0.0714711519028802,0.9583333333333334,0.09318346399926,Stable
Synthetic portfolio data,P000105,GRO-PAN-000105,Pantry Grocery Item 0105,Grocery,Pantry,16.54,7.1,0.5709,Decline,Premium Margin,Low,Retention Driver,2023-12-08,49,81,43,48,1303.11,934.02,491.69,81.59095546015041,10,0.058969387755102,0.2040816326530612,0.5264234170574505,0.979591836734694,0.0803368209268512,Stable
Synthetic portfolio data,P000148,BEA-FRA-000148,Fragrance Beauty Item 0148,Beauty,Fragrance,27.81,18.65,0.3292,Decline,Core Margin,Medium,Neutral,2023-11-26,52,80,49,50,2118.46,1787.77,486.0,181.98092765747373,6,0.0887480769230769,0.1153846153846153,0.2718470496764125,0.9615384615384616,0.0923877862435605,Stable
Synthetic portfolio data,P000240,BAB-DIA-000240,Diapers Baby Item 0240,Baby,Diapers,23.15,14.33,0.3807,Launch,Core Margin,Medium,Neutral,2024-06-03,53,83,51,49,1852.06,1434.76,464.619,187.4704398036139,9,0.0887698113207547,0.1698113207547169,0.3238304664194708,0.9245283018867924,0.1155633843403339,Stable
Synthetic portfolio data,P000099,BEA-FRA-000099,Fragrance Beauty Item 0099,Beauty,Fragrance,32.24,21.4,0.3362,Mature,Core Margin,Low,Neutral,2025-10-19,34,54,33,33,1729.42,1426.91,453.21,107.64153604753788,4,0.0563294117647058,0.1176470588235294,0.3176163878590801,0.9705882352941176,0.0701452727516629,Stable
Synthetic portfolio data,P000112,BEA-FRA-000112,Fragrance Beauty Item 0112,Beauty,Fragrance,22.0,11.37,0.4835,Decline,Core Margin,Low,Neutral,2025-10-04,33,53,29,31,1159.85,954.9,439.2705,92.64310690095434,8,0.0861030303030303,0.2424242424242424,0.4600172792962614,0.9393939393939394,0.0884384673915989,Return Heavy
Synthetic portfolio data,P000070,BAB-DIA-000070,Diapers Baby Item 0070,Baby,Diapers,29.96,21.11,0.2954,Decline,Core Margin,Low,Neutral,2021-06-16,39,64,38,38,1853.86,1643.1,417.6645,145.90867905352636,7,0.0742102564102564,0.1794871794871795,0.2541929888625159,0.9743589743589745,0.0815583964247279,Stable
Synthetic portfolio data,P000100,BEA-HAI-000100,Hair Care Beauty Item 0100,Beauty,Hair Care,25.71,17.07,0.3361,Decline,Core Margin,Low,Neutral,2023-08-15,36,69,34,35,1696.93,1383.94,380.224,163.97361514516118,6,0.0893861111111111,0.1666666666666666,0.2747402344032255,0.9722222222222222,0.1059320194233086,Stable
Synthetic portfolio data,P000025,APP-BAS-000025,Basics Apparel Item 0025,Apparel,Basics,22.34,11.91,0.467,Decline,Core Margin,Low,Churn Correlated,2023-10-18,26,39,22,26,849.14,784.51,350.3905,72.58195860409278,3,0.0707346153846153,0.1153846153846153,0.4466361168117678,1.0,0.0846839803774425,Retention Driver
Synthetic portfolio data,P000162,BEA-SKI-000162,Skin Care Beauty Item 0162,Beauty,Skin Care,22.01,13.79,0.3733,Decline,Core Margin,Medium,Neutral,2023-02-21,32,57,30,32,1204.88,1038.03,345.772,140.3792216114581,4,0.11535625,0.125,0.3331040528693775,1.0,0.1191260379136302,Retention Driver
Synthetic portfolio data,P000006,BEA-MAK-000006,Makeup Beauty Item 0006,Beauty,Makeup,19.39,12.49,0.3559,Mature,Core Margin,Medium,Retention Driver,2021-03-11,50,80,47,48,1498.04,1171.07,341.734,140.01292042136566,9,0.094418,0.18,0.2918134697328085,0.96,0.1067918117462526,Stable
Synthetic portfolio data,P000092,GRO-SNA-000092,Snacks Grocery Item 0092,Grocery,Snacks,16.49,10.05,0.3907,Launch,Core Margin,Medium,Churn Correlated,2021-07-08,42,68,40,40,1072.65,931.89,325.3725,97.3682268785329,6,0.082647619047619,0.1428571428571428,0.349153333547951,0.9523809523809524,0.094600387284564,Stable
Synthetic portfolio data,P000101,APP-DEN-000101,Denim Apparel Item 0101,Apparel,Denim,27.58,19.45,0.2946,Mature,Core Margin,High,Neutral,2023-04-17,38,60,38,38,1562.54,1354.66,319.92,163.42899191027325,6,0.1038473684210526,0.1578947368421052,0.2361625795402536,1.0,0.1076544213028143,Retention Driver
Synthetic portfolio data,P000064,GRO-PAN-000064,Pantry Grocery Item 0064,Grocery,Pantry,7.56,3.98,0.4728,Mature,Core Margin,Low,Neutral,2023-11-13,75,111,69,68,807.21,718.17,316.986,66.0440844536748,7,0.0830946666666666,0.0933333333333333,0.4413801746104683,0.9066666666666666,0.0842169067897889,Stable
Synthetic portfolio data,P000244,GRO-SNA-000244,Snacks Grocery Item 0244,Grocery,Snacks,21.42,18.81,0.1218,Growth,Thin Margin,Low,Neutral,2024-11-28,148,243,126,147,5032.89,4365.6,306.402,464.5966193641361,21,0.0847121621621621,0.1418918918918918,0.0701855415063221,0.9932432432432432,0.0961858607373414,Low Margin High Volume
Synthetic portfolio data,P000198,BEA-FRA-000198,Fragrance Beauty Item 0198,Beauty,Fragrance,22.79,18.21,0.2008,Mature,Thin Margin,Medium,Neutral,2025-07-17,52,81,47,50,1820.74,1652.08,300.898,155.40851894417483,6,0.0821038461538461,0.1153846153846153,0.1821328264975062,0.9615384615384616,0.0859803629817549,Stable
Synthetic portfolio data,P000189,GRO-COF-000189,Coffee Grocery Item 0189,Grocery,Coffee,9.58,5.68,0.4071,Mature,Core Margin,Low,Neutral,2024-06-15,51,84,49,49,765.03,666.13,242.118,73.44491528693543,5,0.0796254901960784,0.0980392156862745,0.363469593022383,0.9607843137254902,0.0993069312774632,Stable
Synthetic portfolio data,P000125,PET-WEL-000125,Wellness Pet Item 0125,Pet,Wellness,14.89,10.73,0.2796,Mature,Core Margin,Low,Neutral,2023-07-10,61,94,53,60,1682.6065341050278,1095.63,242.0585,206.59637957426224,9,0.0837180327868852,0.1475409836065573,0.2209308799503482,0.9836065573770492,0.1586485904561424,Retention Driver
Synthetic portfolio data,P000122,APP-BAS-000122,Basics Apparel Item 0122,Apparel,Basics,23.29,10.04,0.5687,Decline,Premium Margin,Medium,Neutral,2022-11-22,17,23,16,16,535.84,387.2,216.018,47.13568318655395,5,0.0691294117647058,0.2941176470588235,0.5578977272727272,0.9411764705882352,0.1085236258755844,Return Heavy
Synthetic portfolio data,P000008,GRO-SNA-000008,Snacks Grocery Item 0008,Grocery,Snacks,13.45,8.62,0.3595,Decline,Core Margin,Low,Retention Driver,2024-10-02,47,76,45,47,1025.35,665.04,207.749,59.58092597159145,10,0.0532468085106383,0.2127659574468085,0.3123857211596295,1.0,0.0822235790274807,Retention Driver
Synthetic portfolio data,P000250,GRO-SNA-000250,Snacks Grocery Item 0250,Grocery,Snacks,9.75,5.69,0.4168,Mature,Core Margin,High,Neutral,2023-01-19,31,57,29,31,527.32,393.02,141.2375,53.00503463405496,7,0.0818741935483871,0.2258064516129032,0.3593646633759096,1.0,0.1188386985442272,Retention Driver
Synthetic portfolio data,P000143,GRO-PAN-000143,Pantry Grocery Item 0143,Grocery,Pantry,6.59,4.18,0.3647,Mature,Core Margin,Low,Neutral,2023-08-05,39,63,36,39,405.02,326.65,105.946,29.183505933914656,6,0.0748641025641025,0.1538461538461538,0.3243410378080514,1.0,0.0820144968004632,Retention Driver
